x,y,chainage_m,dist_m,dh_m,reliability
339773,3126341,27551,201,-2.93,35
339653,3126101,27696,95,4.03,26
338333,3125981,28797,935,-0.21,53
338453,3125981,28797,855,-0.48,48
343973,3125981,25097,3820,0.80,30
344093,3125981,25097,3921,25.47,35
342653,3125861,26016,2789,0.45,48
342773,3125861,26016,2892,0.10,53
342893,3125861,26016,2996,-3.53,25
343733,3125861,25399,3679,0.38,34
337613,3125741,29099,1395,-0.73,26
342773,3125741,26016,2955,0.42,37
343133,3125741,25399,3260,0.22,71
343253,3125741,25399,3354,0.02,26
343373,3125741,25399,3449,0.04,29
343613,3125741,25399,3645,0.22,58
336773,3125621,29099,2136,-0.41,35
337493,3125621,29099,1452,-0.84,40
337613,3125621,29099,1342,-0.18,60
338333,3125621,28797,724,-0.20,25
342533,3125621,26016,2825,0.45,35
343133,3125621,26016,3324,0.07,33
343373,3125621,25399,3523,-7.37,64
343613,3125621,25399,3714,0.15,40
343973,3125621,25399,4011,0.26,66
337013,3125501,29099,1874,-0.67,30
337373,3125501,29099,1526,-0.37,37
339413,3125501,28288,130,-0.37,41
340013,3125501,27973,600,-0.52,26
341813,3125501,27551,2308,0.15,43
341933,3125501,27551,2422,-0.05,49
343253,3125501,26016,3489,0.45,35
343613,3125501,25399,3786,0.19,67
343853,3125501,25399,3979,0.39,58
343973,3125501,25399,4077,0.52,71
335213,3125381,29099,3638,-0.65,73
335333,3125381,29099,3519,-0.88,75
335573,3125381,29099,3280,-0.50,32
337733,3125381,29099,1147,-0.23,42
337853,3125381,29099,1032,-0.41,35
338813,3125381,28797,188,-0.40,70
339053,3125381,28627,56,-0.57,26
339173,3125381,28627,65,-0.14,31
341933,3125381,27973,2451,0.11,57
342053,3125381,27973,2569,-0.01,30
342413,3125381,26016,2886,0.14,64
342773,3125381,26016,3162,0.39,59
332573,3125261,29099,6268,-0.89,62
332813,3125261,29099,6028,-0.89,68
332933,3125261,29099,5908,-12.19,49
333053,3125261,29099,5788,-0.87,70
334493,3125261,29099,4349,-0.84,68
334613,3125261,29099,4229,24.60,37
334853,3125261,29099,3990,9.22,33
335213,3125261,29099,3630,-0.86,77
335333,3125261,29099,3510,-0.82,73
335573,3125261,29099,3270,-0.55,57
335693,3125261,29099,3151,-0.51,47
335813,3125261,29099,3031,-0.87,36
336293,3125261,29099,2552,-0.52,76
337133,3125261,29099,1715,-0.01,36
337373,3125261,29099,1477,-0.20,45
337733,3125261,29099,1121,-0.97,26
338693,3125261,29099,237,10.62,38
338813,3125261,28942,133,-0.24,56
339413,3125261,28458,297,-0.36,41
343613,3125261,26016,3921,6.68,29
343733,3125261,26016,4024,0.50,60
343853,3125261,25399,4122,0.55,62
343973,3125261,25399,4217,-6.83,29
334133,3125141,29099,4706,-1.07,59
334493,3125141,29099,4346,-1.04,51
334733,3125141,29099,4106,-0.52,38
334853,3125141,29099,3986,-0.49,28
334973,3125141,29099,3866,-0.69,26
335093,3125141,29099,3746,-0.68,27
335333,3125141,29099,3506,-0.88,58
335453,3125141,29099,3386,-0.64,45
336293,3125141,29099,2546,-9.04,64
336653,3125141,29099,2186,-20.07,42
337973,3125141,29099,868,-0.54,57
342413,3125141,27973,2972,0.56,36
342653,3125141,27973,3205,-0.06,49
343853,3125141,26016,4189,0.58,57
343973,3125141,25399,4291,0.30,57
333053,3125021,29099,5785,-1.11,49
333293,3125021,29099,5545,-1.28,26
333773,3125021,29099,5065,-8.41,54
334133,3125021,29099,4705,-0.79,66
334373,3125021,29099,4465,-0.70,78
335093,3125021,29099,3745,-0.96,64
335213,3125021,29099,3626,-0.76,43
335573,3125021,29099,3266,-0.60,52
337253,3125021,29099,1586,-0.40,39
337493,3125021,29099,1346,-0.39,26
339293,3125021,28627,398,-0.64,31
342773,3125021,27973,3350,0.43,31
332453,3124901,29219,6385,-1.24,32
333653,3124901,29219,5185,-0.92,55
333773,3124901,29219,5065,-1.19,43
333893,3124901,29219,4945,-1.23,50
334493,3124901,29219,4345,-1.00,69
334613,3124901,29219,4225,-0.78,77
334733,3124901,29219,4105,-0.67,53
334853,3124901,29219,3985,-0.74,35
335213,3124901,29219,3626,-0.62,55
336653,3124901,29219,2186,-0.29,37
336893,3124901,29219,1946,-0.73,53
337493,3124901,29219,1346,-0.67,61
337613,3124901,29219,1226,-0.50,27
337973,3124901,29219,867,29.76,26
338213,3124901,29219,627,-0.29,61
333533,3124781,29219,5308,-1.16,35
333893,3124781,29219,4948,-0.90,80
334013,3124781,29219,4828,9.64,62
334133,3124781,29219,4708,-0.81,67
334373,3124781,29219,4468,-0.90,72
334493,3124781,29219,4349,-0.70,73
334613,3124781,29219,4229,-0.76,78
335093,3124781,29219,3749,-0.63,72
336173,3124781,29219,2671,-0.83,40
336293,3124781,29219,2551,-0.73,56
336533,3124781,29219,2312,4.50,39
336653,3124781,29219,2192,-0.76,62
336893,3124781,29219,1953,-0.71,52
337613,3124781,29219,1237,-0.63,52
338213,3124781,29219,649,-0.53,73
338333,3124781,29219,534,-0.24,59
332573,3124661,29219,6272,-1.36,32
332693,3124661,29219,6152,-6.78,48
332933,3124661,29219,5912,-1.01,41
333293,3124661,29219,5553,-0.94,63
333653,3124661,29219,5193,-0.68,40
333893,3124661,29219,4954,-0.79,72
334013,3124661,29219,4834,-0.75,63
334253,3124661,29219,4594,-0.83,64
334613,3124661,29219,4235,-0.72,74
336173,3124661,29219,2681,-0.59,71
336293,3124661,29219,2562,1.65,66
336413,3124661,29219,2443,-0.83,77
336533,3124661,29219,2324,-0.88,43
337373,3124661,29219,1494,-0.34,47
338093,3124661,29641,778,-0.48,63
338333,3124661,29641,539,-0.69,36
338813,3124661,29641,87,-2.32,28
342893,3124661,27973,3570,-0.21,27
332693,3124541,29219,6159,-1.16,74
332933,3124541,29219,5920,-0.93,68
333893,3124541,29219,4962,-1.00,84
334013,3124541,29219,4843,-0.86,74
334253,3124541,29219,4604,-1.17,50
334973,3124541,29219,3887,-0.65,55
335333,3124541,29219,3529,-0.87,33
335933,3124541,29219,2934,9.11,46
336053,3124541,29219,2816,-0.41,77
336293,3124541,29641,2576,-0.69,84
337973,3124541,29641,897,-0.54,70
338213,3124541,29641,657,-0.63,54
338453,3124541,29641,418,-0.07,32
332693,3124421,29219,6168,-1.45,29
332933,3124421,29219,5929,-0.89,57
333173,3124421,29219,5690,-8.00,37
333893,3124421,29219,4974,-1.09,83
334253,3124421,29219,4616,-1.09,71
334373,3124421,29219,4497,-0.96,72
334493,3124421,29219,4378,-0.65,57
334733,3124421,29641,4139,-0.54,34
334853,3124421,29641,4019,-0.55,36
335453,3124421,29641,3419,5.49,29
335813,3124421,29641,3060,-0.72,47
336053,3124421,29641,2820,-0.45,45
336173,3124421,29641,2701,-0.81,74
336413,3124421,29641,2461,-0.55,50
336533,3124421,29641,2341,-0.52,68
336653,3124421,29641,2222,-0.50,63
336773,3124421,29641,2102,-0.94,46
337973,3124421,29641,912,-0.67,74
338693,3124421,29774,212,-0.06,33
338813,3124421,29774,100,-0.58,33
332573,3124301,29219,6299,-1.22,40
332693,3124301,29219,6180,-1.21,41
334133,3124301,29641,4744,-0.86,72
334253,3124301,29641,4624,-12.60,42
334373,3124301,29641,4505,-1.27,40
334613,3124301,29641,4265,-0.67,60
334733,3124301,29641,4145,-1.22,38
334853,3124301,29641,4026,-1.05,61
335933,3124301,29641,2950,-0.77,48
336173,3124301,29641,2711,-0.51,74
336413,3124301,29641,2472,-0.46,74
336653,3124301,29641,2234,-0.74,33
336773,3124301,29641,2115,-0.81,27
338813,3124301,29906,127,-0.65,37
332453,3124181,32501,6401,-1.19,65
332573,3124181,32501,6287,7.86,50
332693,3124181,32501,6174,-0.94,33
332813,3124181,32501,6060,-1.13,76
332933,3124181,32501,5947,-1.39,40
334133,3124181,29641,4753,-1.20,45
334373,3124181,29641,4514,-1.10,52
335573,3124181,29641,3321,-0.94,51
335813,3124181,29641,3083,-0.66,83
335933,3124181,29641,2964,-0.65,65
336053,3124181,29641,2845,-1.18,32
336173,3124181,29641,2727,-0.74,61
336293,3124181,29641,2608,-0.47,60
336413,3124181,29641,2490,-0.88,30
336533,3124181,29641,2371,-0.85,32
336653,3124181,29641,2253,-0.87,36
332453,3124061,32501,6365,-0.90,47
332933,3124061,32501,5908,-0.84,42
333053,3124061,32501,5794,-1.27,57
333893,3124061,29641,5004,-1.12,64
334373,3124061,29641,4527,-0.88,80
334733,3124061,29641,4169,-0.61,65
334853,3124061,29641,4050,-1.05,81
335093,3124061,29641,3813,-0.44,35
335333,3124061,29641,3575,-0.91,67
335813,3124061,29641,3101,-0.86,40
336053,3124061,29641,2865,-0.59,50
336173,3124061,29641,2747,-0.57,78
336293,3124061,29641,2630,8.19,28
339293,3124061,30341,197,-0.20,57
339413,3124061,30341,312,-0.46,64
332333,3123941,32501,6446,-1.27,58
333053,3123941,32501,5757,-0.96,35
333173,3123941,32501,5643,-0.95,29
333293,3123941,32501,5529,-1.25,64
333773,3123941,32501,5075,-0.81,59
334013,3123941,32501,4851,-0.87,60
334133,3123941,32501,4739,-1.01,78
334253,3123941,32501,4628,-1.09,44
334733,3123941,29641,4186,-0.98,64
334853,3123941,29641,4068,-0.91,81
334973,3123941,29641,3949,21.08,52
335453,3123941,29641,3477,6.98,25
335693,3123941,29641,3241,-0.70,59
335933,3123941,29641,3007,-44.90,28
336053,3123941,29641,2890,-52.47,48
336173,3123941,29641,2773,-0.65,56
336293,3123941,29641,2657,-0.53,27
336773,3123941,29774,2191,-0.44,43
337253,3123941,29906,1725,-0.33,43
338813,3123941,30196,292,0.07,41
339293,3123941,30341,192,-7.25,45
339413,3123941,30341,309,-0.07,61
340133,3123941,30618,1012,0.13,50
340373,3123941,30618,1249,-0.41,70
332333,3123821,32501,6415,-1.52,26
332453,3123821,32501,6299,-0.90,41
332933,3123821,32501,5837,-0.95,34
333053,3123821,32501,5721,-1.20,76
333293,3123821,32501,5492,-0.78,36
333533,3123821,32501,5263,-0.80,37
333653,3123821,32501,5149,-1.15,40
333893,3123821,32501,4922,3.37,62
334133,3123821,32501,4696,-1.03,60
334253,3123821,32501,4584,-0.87,71
334493,3123821,32501,4360,-1.17,62
334973,3123821,32501,3919,-0.96,64
335333,3123821,32501,3595,-0.66,81
335933,3123821,29641,3035,-0.56,79
338693,3123821,30485,418,-0.51,46
339293,3123821,30618,169,-0.39,33
340253,3123821,30618,1117,0.08,61
340373,3123821,30618,1237,-0.39,34
332333,3123701,32501,6386,-1.36,75
332573,3123701,32501,6153,-1.20,64
332693,3123701,32501,6036,-1.40,26
333053,3123701,32501,5688,-1.14,56
333173,3123701,32501,5573,-0.84,32
333533,3123701,32501,5227,-8.36,59
333653,3123701,32501,5112,-0.77,31
333773,3123701,32501,4998,-0.66,62
334373,3123701,32501,4429,-0.83,35
335813,3123701,32356,3112,-0.82,49
335933,3123701,32356,3005,-0.88,68
336173,3123701,32356,2794,-0.53,47
336533,3123701,29906,2482,-0.56,68
336893,3123701,29906,2137,-0.38,34
337973,3123701,30485,1148,-0.85,32
338093,3123701,30485,1030,-0.22,39
338213,3123701,30485,912,-0.49,44
339293,3123701,30618,164,0.07,43
339413,3123701,30618,280,-0.14,54
339893,3123701,30895,749,-0.14,30
340253,3123701,30895,1101,1.15,35
340493,3123701,30895,1338,-0.30,43
332813,3123581,32501,5891,-1.04,28
332933,3123581,32501,5774,-0.90,28
333053,3123581,32501,5658,-1.08,52
333173,3123581,32501,5542,-1.24,53
333653,3123581,32501,5078,-1.13,38
333893,3123581,32501,4848,-0.83,64
334253,3123581,32501,4504,-0.87,75
335213,3123581,32501,3603,-1.02,55
335333,3123581,32501,3493,-0.95,61
335813,3123581,32501,3058,-0.44,50
335933,3123581,32356,2951,4.84,43
336653,3123581,32356,2322,-0.07,28
337373,3123581,29906,1736,5.71,41
337733,3123581,30485,1406,-0.76,35
337853,3123581,30763,1286,27.70,38
338453,3123581,30763,687,0.02,30
338933,3123581,30763,212,-0.47,42
339413,3123581,30895,254,-0.07,69
340493,3123581,30895,1327,-1.59,45
341093,3123581,30895,1926,-0.08,39
332813,3123461,32501,5864,-1.30,45
333413,3123461,32501,5280,-1.09,60
333653,3123461,32501,5047,-1.27,33
333773,3123461,32501,4931,-1.13,45
334253,3123461,32501,4469,2.29,30
334493,3123461,32501,4239,-1.02,49
334973,3123461,32501,3784,-1.11,63
335213,3123461,32501,3558,-0.41,41
335813,3123461,32501,3005,-0.50,71
336773,3123461,32356,2156,-0.75,58
337013,3123461,32356,1957,-0.67,38
337613,3123461,32042,1477,-0.69,57
339533,3123461,30895,369,2.68,43
339653,3123461,30895,488,-0.09,69
339893,3123461,30895,727,-0.39,54
340253,3123461,30895,1086,-8.85,28
340373,3123461,30895,1206,-7.64,46
340613,3123461,30895,1446,-43.37,47
340853,3123461,31268,1683,0.23,54
340973,3123461,31268,1801,-0.38,53
342293,3123461,31268,3110,-0.03,34
333893,3123341,32501,4785,-0.71,39
334253,3123341,32501,4436,-0.94,37
334613,3123341,32501,4089,-0.96,51
334733,3123341,32501,3974,-0.76,65
334853,3123341,32501,3860,-1.19,31
335333,3123341,32501,3404,-1.06,49
336533,3123341,32356,2307,-0.66,60
336653,3123341,32356,2200,-0.35,43
337373,3123341,32199,1598,-0.70,28
337493,3123341,32199,1501,-0.65,32
337733,3123341,32042,1309,-8.62,66
338213,3123341,31727,925,-0.75,37
338693,3123341,31015,478,-0.84,31
338813,3123341,31015,359,-0.50,52
338933,3123341,31015,241,-0.06,46
339173,3123341,31015,53,25.30,70
339653,3123341,31015,488,-0.40,43
339893,3123341,31268,720,0.00,25
340013,3123341,31268,836,-0.34,60
340253,3123341,31268,1071,-0.07,52
340613,3123341,31268,1427,0.15,63
340853,3123341,31268,1665,0.16,29
341093,3123341,31268,1904,-0.27,60
333173,3123221,32501,5463,-1.21,26
333773,3123221,32501,4875,-2.62,36
334013,3123221,32501,4640,33.92,37
334253,3123221,32501,4407,18.81,55
334373,3123221,32501,4290,-20.40,36
334493,3123221,32501,4174,-0.88,67
334733,3123221,32501,3941,-1.05,45
335573,3123221,32501,3138,-0.62,65
335693,3123221,32501,3025,-0.66,48
336053,3123221,32501,2689,-0.76,55
337493,3123221,32356,1430,-0.66,63
337613,3123221,32199,1333,7.12,40
337853,3123221,32042,1141,-0.74,43
338693,3123221,31135,478,-0.24,54
338813,3123221,31135,359,8.50,41
340013,3123221,31268,818,-0.03,63
340373,3123221,31268,1177,-1.83,28
340733,3123221,31268,1536,-0.00,57
341453,3123221,31268,2256,-0.11,42
341933,3123221,31268,2736,0.43,45
342653,3123221,31268,3456,-0.04,31
333293,3123101,32501,5323,-17.27,39
333413,3123101,32501,5205,-32.17,34
333533,3123101,32501,5087,-1.21,42
333773,3123101,32501,4851,-0.61,31
333893,3123101,32501,4733,-1.05,57
334253,3123101,32501,4380,-1.07,44
334613,3123101,32501,4029,-0.82,54
334733,3123101,32501,3912,-0.84,77
335453,3123101,32501,3216,-0.59,32
335573,3123101,32501,3101,-0.86,65
336893,3123101,32356,1878,-0.53,32
337133,3123101,32356,1663,-0.19,37
337253,3123101,32356,1559,-0.81,51
337853,3123101,32199,1069,-0.67,57
338573,3123101,31727,493,-0.73,33
338693,3123101,31727,406,-0.67,28
340013,3123101,31268,817,-0.38,37
340613,3123101,31268,1416,-0.96,66
340733,3123101,31268,1536,0.12,74
341453,3123101,31268,2255,-0.36,30
341573,3123101,31268,2375,-0.38,25
341813,3123101,31268,2615,0.28,54
342893,3123101,31268,3695,-4.86,51
333293,3122981,32501,5304,-0.96,40
334133,3122981,32501,4475,-1.04,55
334253,3122981,32501,4357,-0.77,63
334613,3122981,32501,4003,3.43,43
334733,3122981,32501,3886,-0.81,25
334853,3122981,32501,3768,-1.01,48
334973,3122981,32501,3651,-0.86,45
335093,3122981,32501,3534,-1.03,64
335573,3122981,32501,3068,-0.96,69
335693,3122981,32501,2952,-0.94,66
335813,3122981,32501,2837,-0.60,63
335933,3122981,32501,2722,-0.89,78
336053,3122981,32501,2607,-0.83,31
336293,3122981,32501,2379,-0.83,65
336533,3122981,32501,2154,-0.31,55
336653,3122981,32501,2043,-0.44,73
337133,3122981,32356,1610,-5.46,27
337253,3122981,32356,1502,-0.73,63
337373,3122981,32356,1395,-0.20,40
337733,3122981,32356,1093,-0.69,44
340373,3122981,31268,1187,-0.34,46
340493,3122981,31268,1306,0.33,26
340733,3122981,31268,1545,0.14,60
340853,3122981,31268,1664,-0.31,61
341813,3122981,31268,2621,-0.19,32
332453,3122861,32501,6122,9.94,34
333293,3122861,32501,5287,-1.18,76
333533,3122861,32501,5049,-1.00,49
333773,3122861,32501,4812,-28.14,34
334013,3122861,32501,4574,-0.84,71
334133,3122861,32501,4455,-8.47,38
334253,3122861,32501,4337,-13.92,29
334613,3122861,32501,3981,-0.84,55
334733,3122861,32501,3863,-0.92,77
335453,3122861,32501,3156,-0.94,69
335573,3122861,32501,3039,-5.07,40
335933,3122861,32501,2689,-0.64,67
336053,3122861,32501,2573,-0.41,40
336173,3122861,32501,2457,-0.84,67
336413,3122861,32501,2227,-0.53,56
336533,3122861,32501,2113,-0.43,58
336773,3122861,32501,1887,-0.88,29
336893,3122861,32501,1775,-0.42,67
337853,3122861,32356,925,8.24,28
340853,3122861,31268,1681,-0.10,37
340973,3122861,31268,1799,-0.10,39
341213,3122861,31268,2036,-0.10,57
341333,3122861,31268,2155,-0.29,59
341453,3122861,31268,2274,-26.98,41
341693,3122861,31268,2512,0.32,61
342053,3122861,31268,2870,0.01,70
342173,3122861,31268,2989,0.05,35
342293,3122861,31268,3109,-0.28,26
342653,3122861,31268,3467,0.54,55
333293,3122741,32501,5274,-1.09,37
333413,3122741,32501,5154,-1.06,59
333893,3122741,32501,4677,-0.92,70
334013,3122741,32501,4558,-8.60,35
334133,3122741,32501,4439,-0.97,65
334253,3122741,32501,4320,-0.72,40
334613,3122741,32501,3963,-0.96,54
335093,3122741,32501,3488,-0.75,82
335333,3122741,32501,3252,-0.74,51
335453,3122741,32501,3133,-0.54,69
335573,3122741,32501,3015,-0.96,63
335693,3122741,32501,2897,-0.55,53
335813,3122741,32501,2780,-0.75,52
335933,3122741,32501,2662,-0.66,83
336293,3122741,32501,2311,-0.58,67
336413,3122741,32501,2194,8.28,60
336653,3122741,32501,1963,-1.06,26
336773,3122741,32501,1848,-0.62,74
336893,3122741,32501,1734,-0.83,49
338213,3122741,32199,566,-0.88,30
340253,3122741,31268,1133,0.06,25
340853,3122741,31268,1706,-0.14,57
340973,3122741,31268,1822,6.55,32
341213,3122741,31268,2057,-23.01,32
341333,3122741,31268,2174,0.26,34
341693,3122741,31268,2529,-0.14,55
342173,3122741,31268,3003,0.01,62
342533,3122741,31268,3360,0.30,72
342893,3122741,31268,3718,0.42,67
333173,3122621,32501,5382,-0.67,38
333413,3122621,32501,5143,-1.00,54
333653,3122621,32501,4904,-0.89,32
334013,3122621,32501,4545,-0.89,26
334613,3122621,32501,3948,26.21,29
334733,3122621,32501,3829,-1.18,37
334973,3122621,32501,3591,-0.95,33
335093,3122621,32501,3472,-25.77,37
335693,3122621,32501,2877,-0.58,37
336293,3122621,32501,2285,-0.65,52
336533,3122621,32501,2050,-0.38,59
336653,3122621,32501,1933,-0.39,38
340733,3122621,31268,1625,-0.31,48
340853,3122621,31268,1738,0.07,60
341093,3122621,31268,1968,0.03,56
341333,3122621,31268,2200,-0.24,70
341453,3122621,31268,2317,-0.04,56
332693,3122501,32501,5853,-0.76,40
333053,3122501,32501,5494,4.74,43
333533,3122501,32501,5015,-1.18,38
334613,3122501,32501,3937,-0.67,29
334733,3122501,32501,3818,-0.75,63
334853,3122501,32501,3698,-1.05,29
336533,3122501,32501,2029,-0.78,44
336653,3122501,32501,1910,54.59,34
336773,3122501,32501,1792,-0.57,54
340613,3122501,31268,1558,-0.30,36
341093,3122501,31268,2004,30.04,65
341453,3122501,31268,2347,-0.14,47
332453,3122381,33151,6076,-0.80,33
332813,3122381,33151,5720,0.77,42
332933,3122381,33151,5601,1.89,32
333053,3122381,33151,5482,-0.75,36
333413,3122381,33151,5126,-1.27,50
333533,3122381,33151,5007,7.38,45
333893,3122381,32501,4649,-0.93,53
334013,3122381,32501,4529,-1.11,45
334493,3122381,32501,4049,-0.78,42
334613,3122381,32501,3930,-0.69,72
334733,3122381,32501,3810,-0.89,36
334973,3122381,32501,3570,-1.05,34
341093,3122381,31268,2046,25.82,41
332453,3122261,35936,6050,-0.84,28
332933,3122261,33151,5585,-0.56,53
333053,3122261,33151,5466,1.59,38
333173,3122261,33151,5347,0.67,39
333293,3122261,33151,5228,6.29,29
333413,3122261,33151,5109,5.13,28
333773,3122261,33151,4752,-0.69,25
333893,3122261,33151,4633,-0.84,76
334013,3122261,33151,4515,-0.85,64
334133,3122261,33151,4396,-0.99,44
334493,3122261,33151,4041,-0.66,57
334853,3122261,32501,3686,-0.94,71
340253,3122261,31557,1344,0.14,53
340853,3122261,31268,1880,0.14,40
341213,3122261,31268,2204,0.19,38
332933,3122141,34922,5569,-0.56,41
333053,3122141,33151,5453,1.57,35
333533,3122141,33151,4975,-1.05,41
333773,3122141,33151,4737,-0.95,79
333893,3122141,33151,4618,-1.24,28
334013,3122141,33151,4499,-0.86,71
334133,3122141,33151,4379,-1.21,58
334373,3122141,33151,4141,-1.20,45
334853,3122141,33151,3666,33.96,35
335933,3122141,33151,2603,26.38,60
336053,3122141,32501,2486,-0.80,63
336413,3122141,32501,2126,-0.62,45
339773,3122141,31557,1039,0.03,56
339893,3122141,31557,1123,0.25,26
340373,3122141,31557,1508,0.12,38
340493,3122141,31557,1612,-0.01,54
340973,3122141,31412,2040,-0.06,72
333173,3122021,34922,5302,-8.41,26
333293,3122021,34922,5191,-0.69,35
333773,3122021,33151,4724,-0.74,27
334013,3122021,33151,4486,-0.79,47
334133,3122021,33151,4366,-1.14,58
334373,3122021,33151,4127,-42.96,50
334973,3122021,33151,3531,-0.45,50
336053,3122021,33151,2462,-0.86,39
340013,3122021,31557,1293,0.02,27
333173,3121901,35936,5247,-1.51,46
333773,3121901,34922,4702,40.92,45
333893,3121901,34922,4592,-0.88,60
334013,3121901,33151,4476,-1.04,67
334253,3121901,33151,4236,11.55,34
334373,3121901,33151,4117,-1.17,52
334853,3121901,33151,3638,-0.66,25
335093,3121901,33151,3399,-5.26,50
335213,3121901,33151,3280,-1.08,60
336533,3121901,33151,1969,-0.54,33
337373,3121901,33151,1147,9.23,36
340253,3121901,31557,1551,-0.33,38
333173,3121781,35936,5187,-0.79,43
333773,3121781,34922,4655,-0.84,57
333893,3121781,34922,4544,6.89,49
334013,3121781,34922,4434,-0.88,70
335213,3121781,33151,3270,-10.85,40
335453,3121781,33151,3031,-8.09,40
335693,3121781,33151,2791,-0.57,74
335933,3121781,33151,2552,-0.44,40
336053,3121781,33151,2432,3.92,32
337733,3121781,33151,768,-21.12,29
332933,3121661,35936,5339,5.03,42
333053,3121661,35936,5233,-0.58,38
333293,3121661,35936,5023,5.04,35
333533,3121661,35936,4815,-1.34,36
333653,3121661,35936,4713,-1.16,68
333773,3121661,35936,4611,-4.86,51
333893,3121661,34922,4500,-0.97,41
334013,3121661,34922,4388,-1.05,72
334133,3121661,34922,4277,-1.13,64
334253,3121661,34922,4166,-5.16,28
335693,3121661,33151,2786,-0.87,71
339653,3121661,32886,1128,-0.19,31
339773,3121661,32886,1247,10.00,31
339893,3121661,32886,1366,-3.85,27
332813,3121541,35936,5393,-0.64,31
333053,3121541,35936,5178,-4.20,38
333773,3121541,35936,4548,-0.64,29
334013,3121541,35936,4344,-1.19,50
334373,3121541,34922,4009,-1.07,54
335693,3121541,33958,2777,-0.70,39
337613,3121541,33151,867,-0.54,33
337853,3121541,33151,627,-0.65,73
339893,3121541,32886,1386,-0.07,27
332813,3121421,35936,5342,0.69,32
332933,3121421,35936,5233,-4.34,25
333053,3121421,35936,5125,-3.62,28
333773,3121421,35936,4487,-0.97,50
336893,3121421,33271,1586,-0.62,28
337493,3121421,33271,987,-0.14,51
332813,3121301,36515,5291,-0.83,29
333413,3121301,35936,4748,-6.76,44
333533,3121301,35936,4641,-1.20,53
333773,3121301,35936,4429,-1.01,79
333893,3121301,35936,4323,8.14,38
334973,3121301,34922,3363,-0.89,38
335213,3121301,34922,3142,-0.97,33
335693,3121301,34922,2710,-0.49,42
335933,3121301,34090,2486,-0.64,52
337493,3121301,33958,992,-0.96,50
332693,3121181,36515,5339,-0.83,27
332813,3121181,36515,5233,1.44,31
333293,3121181,35936,4805,7.24,62
333413,3121181,35936,4696,-0.81,46
334133,3121181,35936,4055,-0.66,46
334613,3121181,35936,3645,-0.57,37
334973,3121181,34922,3320,-0.80,68
335693,3121181,34922,2656,-0.44,27
335933,3121181,34922,2442,-1.17,53
336053,3121181,34922,2336,-0.86,54
332453,3121061,36660,5500,-0.94,27
333053,3121061,36515,4965,-1.28,46
333293,3121061,36515,4755,2.44,48
333533,3121061,35936,4537,-0.97,77
334133,3121061,35936,3998,-0.39,43
334853,3121061,35936,3378,29.58,40
335573,3121061,34922,2717,-0.38,30
336053,3121061,34922,2280,-0.55,48
332933,3120941,36515,5017,-0.92,46
333413,3120941,36515,4592,-1.17,76
333533,3120941,36515,4487,-0.98,76
333653,3120941,35936,4379,-1.03,45
334253,3120941,35936,3836,1.87,29
340733,3120941,33656,2202,-0.33,43
332693,3120821,36805,5178,-0.85,29
333413,3120821,36515,4535,-1.30,56
333653,3120821,36515,4323,-1.03,67
333893,3120821,35936,4111,-1.48,43
334973,3120821,35936,3148,-1.02,54
335093,3120821,35936,3046,-0.92,32
335573,3120821,35344,2629,-1.07,61
336053,3120821,34922,2182,-0.35,37
332813,3120701,36805,5017,1.19,32
333533,3120701,36515,4373,-1.04,27
334133,3120701,35936,3843,5.50,27
334613,3120701,35936,3407,-1.14,35
335093,3120701,35936,2984,-10.25,28
335213,3120701,35936,2881,-0.91,73
335933,3120701,35344,2253,-0.44,31
340973,3120701,33656,2470,0.15,41
341813,3120701,33656,3301,-0.22,36
342413,3120701,33656,3897,0.31,42
335453,3120581,35936,2614,-0.93,67
336053,3120581,35344,2092,-27.89,39
336173,3120581,35344,1985,-0.53,26
333053,3120461,36805,4696,-0.71,47
333893,3120461,36515,3943,4.13,27
334013,3120461,36515,3836,-1.49,31
334133,3120461,36515,3730,-1.21,26
334733,3120461,35936,3197,-2.54,34
335093,3120461,35936,2870,-10.76,43
335333,3120461,35936,2657,-0.95,34
335453,3120461,35936,2552,-0.77,36
335573,3120461,35936,2449,-0.96,72
336173,3120461,35344,1933,-0.49,38
339893,3120461,33656,1504,-37.28,32
340973,3120461,33656,2521,0.04,29
342293,3120461,33656,3811,0.31,36
332933,3120341,36805,4757,-0.60,34
333173,3120341,36805,4537,-0.41,47
333293,3120341,36805,4428,-0.46,27
333773,3120341,36660,3997,-1.40,39
334493,3120341,36515,3356,0.53,36
335573,3120341,35936,2389,-1.08,41
335693,3120341,35936,2284,-0.75,42
336053,3120341,35936,1981,-0.57,50
339773,3120341,33656,1457,-0.42,67
340733,3120341,33656,2327,0.00,75
340973,3120341,33656,2555,9.22,36
342773,3120341,33656,4305,0.36,34
332933,3120221,36805,4711,-0.57,56
333053,3120221,36805,4600,0.39,37
333173,3120221,36805,4489,-0.55,47
333293,3120221,36805,4379,0.85,34
334253,3120221,36660,3515,-1.35,26
334493,3120221,36515,3300,7.98,31
334853,3120221,36515,2984,6.67,33
335333,3120221,35936,2551,-1.17,27
339653,3120221,34475,1366,-0.13,48
339773,3120221,34475,1485,-0.37,67
340493,3120221,33656,2149,-0.21,44
340613,3120221,33656,2259,-0.43,31
340733,3120221,33656,2369,-0.07,66
340973,3120221,33656,2593,0.13,38
341093,3120221,33656,2706,-6.42,44
341213,3120221,33656,2820,0.12,77
332693,3120101,36805,4894,7.51,37
333053,3120101,36805,4556,0.41,44
333413,3120101,36805,4221,7.58,35
333533,3120101,36805,4111,-1.50,52
333653,3120101,36805,4001,2.92,37
333773,3120101,36805,3892,-0.65,37
334013,3120101,36805,3675,0.54,39
334373,3120101,36660,3353,1.50,33
335333,3120101,35936,2505,-0.50,33
335693,3120101,35936,2174,-0.98,48
335813,3120101,35936,2065,-0.83,64
338093,3120101,34922,68,-0.23,41
339653,3120101,34475,1386,-0.54,60
340013,3120101,34475,1740,-0.42,56
340253,3120101,34475,1977,-0.33,64
340373,3120101,34475,2095,-5.89,47
340733,3120101,33656,2417,0.06,66
340973,3120101,33656,2637,18.04,32
332453,3119981,36805,5084,19.78,33
333293,3119981,36805,4289,-0.65,31
333413,3119981,36805,4177,-0.62,63
333533,3119981,36805,4065,-0.73,47
333653,3119981,36805,3954,-0.71,54
334373,3119981,36805,3300,-1.42,32
334493,3119981,36660,3192,5.01,49
334613,3119981,36660,3085,1.88,49
335453,3119981,36515,2347,-0.95,57
336053,3119981,35936,1797,-0.48,42
336173,3119981,35936,1690,-0.48,53
336293,3119981,35936,1585,-0.33,30
339533,3119981,34475,1302,-0.19,56
339653,3119981,34475,1416,-0.56,46
339773,3119981,34475,1532,-0.33,40
339893,3119981,34475,1647,-0.36,52
340133,3119981,34475,1881,9.99,26
340253,3119981,34475,1998,1.63,51
340373,3119981,34475,2116,-0.11,67
340733,3119981,34475,2470,0.01,43
341213,3119981,33656,2905,-9.83,30
342293,3119981,33656,3922,-0.13,30
342413,3119981,33656,4037,18.33,30
332573,3119861,36805,4934,19.90,40
332933,3119861,36805,4590,-1.73,28
333173,3119861,36805,4362,-0.65,33
333413,3119861,36805,4135,7.57,27
333533,3119861,36805,4022,-0.68,54
334133,3119861,36805,3465,-0.42,27
334253,3119861,36805,3355,-0.42,57
334373,3119861,36805,3247,-1.55,41
334613,3119861,36805,3031,0.98,31
334733,3119861,36660,2924,4.10,45
335693,3119861,36515,2080,-0.67,54
335813,3119861,35936,1972,-7.26,53
336053,3119861,35936,1748,-0.92,64
336653,3119861,35936,1215,-5.98,28
339773,3119861,34475,1568,0.07,43
340253,3119861,34475,2026,-0.17,55
340373,3119861,34475,2142,-0.34,41
340613,3119861,34475,2375,0.09,71
332573,3119741,36805,4902,20.89,27
333413,3119741,36805,4096,-1.60,25
333533,3119741,36805,3982,-0.77,51
334133,3119741,36805,3419,-0.44,27
334253,3119741,36805,3308,0.88,44
334373,3119741,36805,3197,-0.69,59
334613,3119741,36805,2978,9.02,43
334853,3119741,36805,2763,1.98,27
336773,3119741,35936,1049,-2.40,25
336893,3119741,35936,949,6.64,56
337013,3119741,35936,854,-0.14,29
337133,3119741,35936,766,0.09,27
339893,3119741,34475,1723,-43.22,32
340613,3119741,34475,2405,-0.27,33
340733,3119741,34475,2521,-0.15,57
342053,3119741,33656,3773,0.14,63
332333,3119621,36937,5105,-0.64,39
332453,3119621,36937,4989,-0.54,44
332693,3119621,36805,4756,21.17,42
332813,3119621,36805,4639,15.56,43
333533,3119621,36805,3946,-2.69,41
334133,3119621,36805,3376,0.87,51
334853,3119621,36805,2710,0.60,27
334973,3119621,36805,2602,1.78,51
335093,3119621,36805,2495,5.13,47
335333,3119621,36660,2280,-0.38,31
335453,3119621,36660,2173,-0.67,33
335573,3119621,36515,2065,-0.59,63
336773,3119621,35936,992,4.58,45
336893,3119621,35936,885,-0.52,48
337013,3119621,35936,782,1.06,35
337133,3119621,35936,685,8.85,33
337253,3119621,35936,596,6.92,55
338333,3119621,35199,377,-0.05,33
339893,3119621,34475,1772,-0.26,57
340013,3119621,34475,1881,-3.46,44
340133,3119621,34475,1991,-0.09,56
340253,3119621,34475,2102,-0.25,43
340373,3119621,34475,2214,-0.28,66
340493,3119621,34475,2327,-0.06,76
340733,3119621,34475,2555,-0.20,50
332933,3119501,36937,4494,17.41,58
333773,3119501,36805,3681,11.11,46
333893,3119501,36805,3566,0.71,31
334013,3119501,36805,3452,1.70,28
334133,3119501,36805,3337,-0.25,41
334973,3119501,36805,2551,5.12,34
335093,3119501,36805,2442,-0.48,47
336773,3119501,35936,946,-0.32,41
337013,3119501,35936,724,2.03,34
337133,3119501,35936,617,1.11,61
337253,3119501,35936,517,1.04,43
337493,3119501,35766,350,6.82,25
339773,3119501,34620,1718,-0.36,56
340133,3119501,34475,2040,12.87,46
340613,3119501,34475,2481,-0.13,31
340733,3119501,34475,2593,0.04,66
332813,3119381,36937,4582,-0.79,57
332933,3119381,36937,4465,16.43,35
333773,3119381,36805,3650,0.60,25
333893,3119381,36805,3534,-1.39,56
334013,3119381,36805,3418,-0.68,42
334613,3119381,36805,2844,-0.61,45
335213,3119381,36805,2283,1.04,45
336773,3119381,35936,915,-0.08,31
337013,3119381,35936,681,-1.14,39
337133,3119381,35936,567,2.12,35
337373,3119381,35936,350,4.57,47
337493,3119381,35936,256,6.85,48
337853,3119381,35621,53,15.08,47
339773,3119381,34765,1772,-0.34,69
339893,3119381,34620,1880,-0.38,68
340253,3119381,34475,2202,-0.38,56
333893,3119261,36937,3505,-0.28,44
335333,3119261,36805,2126,-0.29,46
337133,3119261,36068,539,-0.19,57
337253,3119261,35936,421,-1.19,65
337373,3119261,35936,303,-3.33,48
337853,3119261,35766,84,7.09,25
339653,3119261,35054,1723,-0.76,28
339893,3119261,34765,1933,-0.33,82
340253,3119261,34620,2255,-0.39,62
340613,3119261,34475,2577,-0.16,53
340733,3119261,34475,2685,-0.30,71
333053,3119141,36937,4298,15.11,36
333773,3119141,36937,3592,-5.04,25
334733,3119141,36805,2660,-0.47,51
334853,3119141,36805,2544,0.91,38
334973,3119141,36805,2429,-0.24,49
337013,3119141,36358,591,-0.22,40
337133,3119141,36358,493,1.10,47
337253,3119141,36068,391,-0.25,39
339893,3119141,35054,1991,-0.42,50
340013,3119141,34765,2096,12.24,42
340133,3119141,34765,2202,-0.61,27
340253,3119141,34765,2309,-0.29,49
340373,3119141,34620,2417,8.55,37
340493,3119141,34620,2523,0.16,34
340613,3119141,34620,2631,-0.50,52
340853,3119141,34475,2845,-0.13,35
341693,3119141,34475,3619,-0.11,44
333053,3119021,36937,4278,-0.76,26
333173,3119021,36937,4159,10.96,42
334853,3119021,36937,2515,4.00,53
335933,3119021,36805,1480,10.24,30
336053,3119021,36805,1369,7.52,27
336413,3119021,36660,1046,-0.56,26
337253,3119021,36358,325,11.52,34
340613,3119021,34620,2685,-0.44,35
340733,3119021,34620,2792,-1.80,61
335333,3118901,36937,2021,-0.78,34
335813,3118901,36805,1555,5.61,48
336173,3118901,36805,1213,7.63,50
336293,3118901,36805,1101,3.45,47
337613,3118901,36201,53,17.32,48
340373,3118901,35054,2527,-0.34,28
335693,3118781,36937,1642,0.64,46
336053,3118781,36805,1292,0.87,47
336173,3118781,36805,1176,1.92,50
336533,3118781,36805,834,13.56,40
337373,3118781,36515,87,15.94,25
337493,3118781,36358,58,19.24,50
333173,3118661,36937,4117,10.40,28
335573,3118661,36937,1733,-0.44,42
335693,3118661,36937,1615,7.47,41
335933,3118661,36937,1380,1.67,30
336173,3118661,36937,1147,10.03,38
336413,3118661,36805,915,4.13,39
337493,3118661,36515,84,16.25,38
333053,3118541,41606,4173,1.84,35
333533,3118541,36937,3750,-0.65,64
333653,3118541,36937,3630,-4.69,36
334853,3118541,36937,2432,11.28,40
334973,3118541,36937,2313,-1.23,27
335573,3118541,36937,1715,-1.41,36
336413,3118541,36937,885,5.18,31
336533,3118541,36937,768,-0.94,29
340133,3118541,35477,2444,-0.68,31
342893,3118541,34475,4954,-0.02,65
332933,3118421,41606,4140,11.56,33
333053,3118421,41606,4072,11.04,44
333893,3118421,36937,3386,7.42,43
334013,3118421,36937,3266,6.53,54
334373,3118421,36937,2906,-0.41,61
334973,3118421,36937,2306,10.80,39
335093,3118421,36937,2186,11.11,28
340253,3118421,35477,2604,0.05,30
340373,3118421,35477,2713,-0.12,51
342893,3118421,34475,5000,0.01,39
343853,3118421,34475,5895,0.36,57
332693,3118301,42210,4161,-1.06,29
332813,3118301,42210,4101,13.19,45
332933,3118301,41606,4042,5.19,30
333773,3118301,36937,3506,0.25,34
334133,3118301,36937,3146,9.78,35
334373,3118301,36937,2906,7.65,35
334493,3118301,36937,2786,7.66,51
334613,3118301,36937,2666,9.61,37
334973,3118301,36937,2306,0.89,43
335093,3118301,36937,2186,9.84,35
335213,3118301,36937,2066,7.59,61
335333,3118301,36937,1946,9.65,63
335573,3118301,36937,1706,8.82,47
340493,3118301,35477,2872,4.13,34
340973,3118301,35477,3311,-5.32,26
341933,3118301,34765,4187,0.05,43
342533,3118301,34475,4724,0.43,39
332693,3118181,42210,4058,13.94,42
334493,3118181,37057,2786,-1.53,37
334853,3118181,37057,2426,-6.12,43
335213,3118181,37057,2066,-0.30,30
335453,3118181,37057,1826,-0.29,38
337613,3118181,37190,312,-0.11,44
340013,3118181,35766,2497,0.22,25
340253,3118181,35621,2712,-0.51,59
340373,3118181,35621,2819,-0.06,62
340493,3118181,35621,2927,-0.31,72
340613,3118181,35477,3033,-0.40,69
341093,3118181,35477,3468,-0.45,51
342293,3118181,34620,4563,-6.76,50
342413,3118181,34620,4670,-0.23,42
342773,3118181,34475,4992,0.53,34
344093,3118181,34475,6203,0.20,70
332453,3118061,42210,4090,9.41,32
332573,3118061,42210,4022,9.20,50
334133,3118061,40530,3095,-1.23,39
334733,3118061,37575,2534,0.77,45
334853,3118061,37575,2415,-0.59,49
336653,3118061,37057,649,-0.98,42
337613,3118061,37190,309,1.20,44
337733,3118061,37190,428,-0.91,41
338693,3118061,37190,1386,5.87,47
340253,3118061,35766,2765,-0.06,65
340493,3118061,35621,2980,-0.38,37
340613,3118061,35621,3087,0.06,33
341453,3118061,35477,3846,-24.30,28
342653,3118061,34620,4938,0.28,56
333653,3117941,40699,3333,-0.53,46
334133,3117941,40530,3003,-0.48,50
334253,3117941,40530,2926,-9.77,30
334733,3117941,37575,2522,-0.29,43
334973,3117941,37575,2283,-0.52,47
336773,3117941,37575,511,-8.25,58
338933,3117941,37310,1626,3.39,40
339053,3117941,37310,1746,9.45,36
341213,3117941,35477,3677,0.22,27
341453,3117941,35477,3894,0.20,53
341573,3117941,35477,4004,0.24,55
341933,3117941,35477,4336,0.08,60
342173,3117941,35477,4560,0.13,46
342533,3117941,34765,4885,0.22,71
342653,3117941,34765,4992,0.92,47
332813,3117821,42210,3690,1.33,32
334253,3117821,40530,2833,-0.34,30
334373,3117821,40530,2758,2.79,43
334733,3117821,37575,2516,7.53,39
334973,3117821,37575,2276,8.84,47
335093,3117821,37575,2156,5.43,33
335333,3117821,37575,1916,9.65,31
336053,3117821,37575,1197,-0.84,55
337133,3117821,37575,133,-1.18,26
337253,3117821,37575,68,12.56,26
338933,3117821,37430,1626,-0.08,59
339053,3117821,37430,1746,2.72,34
340013,3117821,36201,2658,-0.23,57
340133,3117821,36201,2767,7.35,33
340733,3117821,35766,3302,4.14,36
341333,3117821,35477,3838,25.70,48
342053,3117821,35477,4492,0.25,60
342413,3117821,35477,4827,-4.41,51
333893,3117701,40699,2994,-0.51,29
334253,3117701,40530,2743,-1.58,48
334373,3117701,40530,2664,-0.50,51
334493,3117701,40530,2589,-0.58,44
334613,3117701,40530,2518,8.95,44
334733,3117701,40530,2450,5.21,26
335453,3117701,37972,1792,12.38,28
336413,3117701,37575,837,10.66,52
338093,3117701,37430,804,-0.82,31
338333,3117701,37430,1039,-4.25,32
339053,3117701,37430,1753,4.85,37
340253,3117701,36201,2927,0.15,54
340973,3117701,35766,3570,-0.32,59
341573,3117701,35477,4107,-0.07,61
341933,3117701,35477,4431,0.18,71
342053,3117701,35477,4540,-0.08,45
342293,3117701,35477,4760,0.06,68
333893,3117581,40699,2908,9.33,33
334133,3117581,40530,2738,-0.45,64
334253,3117581,40530,2654,4.82,41
334493,3117581,40530,2495,-0.55,51
334733,3117581,40530,2350,-0.62,45
336413,3117581,37972,827,-0.47,77
338093,3117581,37827,818,-0.20,28
338213,3117581,37827,937,-0.54,66
338333,3117581,37827,1057,-0.29,42
339053,3117581,37430,1769,3.28,29
340253,3117581,37430,2959,-0.08,34
340733,3117581,36201,3413,1.87,51
340853,3117581,35766,3521,-0.16,46
340973,3117581,35766,3626,-0.27,63
341213,3117581,35766,3838,0.03,31
341333,3117581,35766,3946,-0.20,65
341933,3117581,35477,4482,-0.04,40
342293,3117581,35477,4808,18.27,45
343853,3117581,34475,6226,-0.01,29
332813,3117461,42210,3393,2.83,53
334133,3117461,40699,2654,6.16,38
334253,3117461,40530,2569,6.13,36
334373,3117461,40530,2485,1.89,58
334493,3117461,40530,2404,-0.70,52
335093,3117461,40083,2046,3.00,25
336293,3117461,37972,928,-33.14,26
338333,3117461,37827,1056,-1.75,26
338573,3117461,37827,1296,-0.32,53
339053,3117461,37827,1776,3.79,50
340853,3117461,37430,3569,-0.23,49
340973,3117461,36201,3681,0.16,29
341093,3117461,35766,3789,0.14,50
341213,3117461,35766,3894,-0.12,76
341813,3117461,35621,4428,0.27,26
342773,3117461,35477,5296,-7.86,35
332813,3117341,42210,3297,-1.22,75
332933,3117341,42210,3226,-1.14,71
333053,3117341,42210,3157,-0.98,42
334733,3117341,40530,2158,-1.39,40
335093,3117341,40530,1954,2.06,36
337613,3117341,37827,377,-6.97,31
338213,3117341,37827,951,-0.15,34
338453,3117341,37827,1187,-0.60,52
338573,3117341,37827,1306,-0.55,67
338933,3117341,37827,1664,-0.80,55
339053,3117341,37827,1783,-0.14,60
339173,3117341,37827,1903,5.52,29
340733,3117341,37827,3459,0.01,44
340853,3117341,37827,3579,3.51,60
341093,3117341,37827,3819,-3.27,46
341213,3117341,37827,3939,-0.01,52
341333,3117341,35766,4057,-0.07,68
332333,3117221,42682,3489,-1.48,42
332813,3117221,42210,3203,-1.34,48
332933,3117221,42210,3129,-1.13,75
333053,3117221,42210,3058,-1.06,65
333173,3117221,42210,2991,29.98,41
333533,3117221,42210,2809,-0.87,53
335093,3117221,40530,1851,11.06,35
335573,3117221,39371,1531,3.58,37
336773,3117221,38092,448,4.26,28
337373,3117221,38092,164,6.67,30
337613,3117221,38357,384,-0.93,26
338213,3117221,38357,953,-5.93,29
338333,3117221,38357,1071,-1.67,35
338573,3117221,38357,1308,-0.05,44
339053,3117221,38357,1785,0.16,38
339173,3117221,38357,1904,4.57,38
339893,3117221,38634,2620,-21.31,58
340013,3117221,38634,2738,-2.22,51
340853,3117221,38634,3571,-0.34,34
341213,3117221,38634,3928,-8.51,47
342653,3117221,35477,5287,0.04,56
332333,3117101,42682,3395,-1.65,33
333053,3117101,42210,2961,-1.36,44
333893,3117101,41606,2508,-32.61,29
335093,3117101,40530,1751,6.54,30
337253,3117101,38212,63,26.27,35
338453,3117101,38357,1177,-0.22,29
339173,3117101,38634,1890,8.15,36
340373,3117101,38634,3080,0.06,41
340733,3117101,38634,3439,-0.43,41
341093,3117101,38634,3797,-0.06,43
341213,3117101,38634,3917,-0.18,82
341333,3117101,38634,4037,-0.10,65
334853,3116981,40530,1806,-1.46,51
335093,3116981,40530,1653,1.96,30
337373,3116981,38357,108,-0.03,52
340013,3116981,38634,2711,-0.07,51
340133,3116981,38634,2831,-0.73,33
340733,3116981,38634,3430,0.28,26
342053,3116981,38634,4749,-0.21,75
342653,3116981,38634,5348,0.07,59
332213,3116861,43419,3257,-1.56,47
333893,3116861,41606,2313,-0.98,50
334013,3116861,41606,2242,-0.95,73
335693,3116861,40083,1203,8.95,51
337373,3116861,38634,94,-1.19,32
340373,3116861,38634,3066,0.40,30
340733,3116861,38634,3426,-0.35,36
341333,3116861,38634,4025,-0.51,33
342173,3116861,38634,4865,2.12,51
342293,3116861,38634,4985,-12.04,69
333653,3116741,42210,2330,-1.31,28
334373,3116741,41606,1951,-0.64,33
334613,3116741,40699,1808,-1.04,58
337133,3116741,38779,133,0.95,27
338453,3116741,38634,1146,-0.10,26
339413,3116741,38634,2106,-0.40,48
340133,3116741,38634,2825,-0.72,37
340253,3116741,38634,2945,-0.51,46
340493,3116741,38634,3185,0.38,43
340733,3116741,38634,3425,0.30,39
342173,3116741,38634,4865,0.25,54
342413,3116741,38634,5105,-0.02,63
342653,3116741,38634,5345,0.25,73
343133,3116741,38634,5825,0.37,44
334373,3116621,41606,1846,-1.18,47
334493,3116621,41606,1789,-16.53,27
335813,3116621,40083,940,4.11,46
337133,3116621,38924,87,-0.27,45
337253,3116621,38779,53,13.87,53
338453,3116621,38634,1158,-0.26,56
338573,3116621,38634,1277,-0.17,51
340013,3116621,38634,2710,-0.48,37
340493,3116621,38634,3190,9.33,36
341333,3116621,38634,4029,-0.09,25
342053,3116621,38634,4748,-0.24,35
342413,3116621,38634,5108,0.30,46
342533,3116621,38634,5228,-0.26,32
343373,3116621,38634,6067,0.15,28
334373,3116501,41606,1743,-1.10,62
334733,3116501,41014,1555,-0.43,26
335813,3116501,40083,850,10.12,50
335933,3116501,40083,771,2.01,30
340853,3116501,38634,3557,-0.57,51
343853,3116501,38634,6551,0.01,61
334373,3116381,41606,1643,-3.86,43
336533,3116381,39516,283,-0.31,42
336653,3116381,39371,179,-0.35,50
336893,3116381,39371,75,17.73,50
337493,3116381,38924,350,3.45,40
338813,3116381,38634,1560,5.61,38
339413,3116381,38634,2145,-0.43,27
340973,3116381,38634,3688,0.03,39
341093,3116381,38634,3807,-0.03,72
343493,3116381,38634,6199,-0.24,33
343973,3116381,38634,6678,0.01,26
334493,3116261,41606,1476,-1.10,57
336533,3116261,39516,238,-0.34,49
336653,3116261,39516,121,-1.09,32
336893,3116261,39371,105,-0.40,27
337013,3116261,39214,184,-0.40,30
337493,3116261,38924,423,-6.02,26
338573,3116261,38634,1372,-0.63,32
339413,3116261,38634,2171,-0.28,33
340373,3116261,38634,3111,-18.75,58
340973,3116261,38634,3703,40.29,26
341093,3116261,38634,3822,-0.06,78
341333,3116261,38634,4060,-0.39,28
341453,3116261,38634,4179,-26.96,32
341813,3116261,38634,4536,-3.19,58
332573,3116141,43419,2459,-1.17,69
332693,3116141,43419,2392,-1.09,70
334613,3116141,41606,1311,-1.19,60
335333,3116141,40699,872,-0.58,43
335933,3116141,40385,503,6.44,27
336653,3116141,39648,93,5.31,60
336773,3116141,39648,51,-0.93,29
337733,3116141,38924,683,-0.97,25
338813,3116141,38634,1640,0.16,34
339293,3116141,38634,2089,1.18,34
339533,3116141,38634,2319,-0.65,40
340373,3116141,38634,3134,-0.16,78
341093,3116141,38634,3841,-0.35,63
341213,3116141,38634,3959,-0.09,70
341333,3116141,38634,4077,-26.97,37
341453,3116141,38634,4196,0.12,31
341573,3116141,38634,4315,7.62,34
341693,3116141,38634,4433,-0.17,28
342053,3116141,38634,4790,2.80,31
332693,3116021,43419,2292,-1.51,42
334373,3116021,41763,1353,-1.08,50
334493,3116021,41606,1282,1.50,72
334613,3116021,41606,1210,-1.04,57
338573,3116021,38779,1477,-0.30,31
339413,3116021,38634,2242,6.04,49
339893,3116021,38634,2698,-0.49,30
340013,3116021,38634,2813,-0.36,48
340733,3116021,38634,3511,-0.21,68
340853,3116021,38634,3628,0.12,41
340973,3116021,38634,3745,-0.34,56
334613,3115901,41606,1113,-9.47,57
336533,3115901,39950,23,-0.84,35
336653,3115901,39793,113,-0.51,27
339293,3115901,38634,2176,-0.71,33
339533,3115901,38634,2397,2.33,44
340013,3115901,38634,2848,-0.39,52
340973,3115901,38634,3772,-0.54,56
342053,3115901,38634,4828,15.20,27
332333,3115781,43419,2335,-1.47,62
332573,3115781,43419,2173,-1.26,65
336293,3115781,40228,34,18.96,36
339053,3115781,38779,2014,18.61,39
339893,3115781,38634,2776,0.06,52
340133,3115781,38634,3001,-0.32,55
340973,3115781,38634,3802,-25.63,49
341333,3115781,38634,4150,-0.15,40
344213,3115781,38634,6979,-0.01,29
332453,3115661,43419,2166,-17.67,53
332573,3115661,43419,2083,-1.26,67
332813,3115661,43419,1929,-1.14,59
332933,3115661,43419,1859,-1.06,32
333053,3115661,43419,1794,-1.32,36
334493,3115661,42065,984,-1.05,64
334613,3115661,41763,921,-1.19,71
338093,3115661,38924,1271,6.30,45
339773,3115661,38634,2713,-20.63,43
343373,3115661,38634,6170,0.53,27
332693,3115541,43419,1913,-1.28,75
332813,3115541,43419,1835,-0.84,38
332933,3115541,43419,1761,-1.04,59
333053,3115541,43419,1693,-1.12,65
333173,3115541,43419,1630,-0.79,26
332693,3115421,43419,1826,-0.99,29
332813,3115421,43419,1744,-1.18,47
332933,3115421,43419,1666,1.73,31
334493,3115421,42210,769,-1.12,36
335813,3115421,40857,56,-0.97,34
335933,3115421,40857,65,-1.12,25
337733,3115421,39648,1207,3.95,35
342653,3115421,38634,5518,20.85,31
335813,3115301,41014,69,-1.15,40
337493,3115301,39648,1102,-0.89,31
337853,3115301,39648,1374,-0.38,53
338093,3115301,38924,1545,-0.71,41
338213,3115301,38924,1618,-0.23,39
333173,3115181,43419,1329,-0.98,47
334493,3115181,42210,561,33.24,36
335693,3115181,41171,42,28.44,32
335813,3115181,41171,157,-0.64,39
338093,3115181,39648,1639,-0.73,51
339053,3115181,38924,2316,-0.29,39
332933,3115061,43419,1404,-1.00,61
334253,3115061,42525,611,-0.82,39
337973,3115061,39648,1616,-0.84,67
338093,3115061,39648,1710,-0.70,55
339053,3115061,38924,2389,22.38,34
339653,3115061,38924,2882,29.69,42
339773,3115061,38924,2985,24.02,32
339893,3115061,38924,3089,26.27,27
340133,3115061,38924,3302,20.79,45
340373,3115061,38779,3516,19.33,47
332933,3114941,43588,1317,-1.16,43
333773,3114941,42852,830,-1.42,31
333893,3114941,42682,746,-1.17,67
334133,3114941,42682,586,3.21,56
334253,3114941,42525,513,-0.89,33
335213,3114941,41763,36,-1.49,31
335333,3114941,41606,90,-0.76,31
337373,3114941,39793,1295,-0.51,34
337493,3114941,39793,1365,-0.42,61
337613,3114941,39793,1443,-0.62,27
337973,3114941,39648,1696,-0.52,68
338213,3114941,39648,1878,-0.14,42
332933,3114821,43588,1234,-1.00,33
333173,3114821,43419,1065,-1.32,40
335093,3114821,41920,42,2.48,35
335213,3114821,41763,118,-1.28,33
335333,3114821,41763,191,-1.48,52
337373,3114821,39950,1389,-0.80,28
338093,3114821,39648,1866,-2.81,43
332453,3114701,43928,1495,-1.65,27
332933,3114701,43758,1147,-1.03,26
334973,3114701,42065,90,-1.12,25
335093,3114701,41920,147,-0.68,33
335333,3114701,41763,279,-0.68,53
336413,3114701,40857,897,-0.47,30
337373,3114701,39950,1486,-0.46,30
337493,3114701,39950,1557,-1.01,52
337733,3114701,39793,1703,-25.59,26
341813,3114701,38634,4967,0.25,28
332453,3114581,43928,1423,-1.44,38
332813,3114581,43928,1147,0.26,31
333413,3114581,43419,727,-1.25,50
333533,3114581,43419,638,-1.35,48
334733,3114581,42380,42,-0.85,34
334853,3114581,42210,147,16.62,35
335213,3114581,41920,305,-0.69,47
336533,3114581,40857,1066,-0.98,45
337853,3114581,39793,1872,-0.42,27
338573,3114581,39648,2384,-0.72,25
332693,3114461,43928,1159,-1.07,25
332813,3114461,43928,1065,-1.29,57
334493,3114461,42682,36,-0.54,31
335213,3114461,41920,413,10.72,51
336293,3114461,41171,977,-1.20,42
336653,3114461,40857,1234,-1.11,32
337613,3114461,39950,1821,-0.41,71
338333,3114461,39648,2289,-0.63,43
338693,3114461,39648,2553,-2.68,27
338813,3114461,39648,2646,-0.33,41
332213,3114341,44085,1489,-1.42,71
333893,3114341,43419,233,-0.60,30
334373,3114341,42852,36,7.63,51
335093,3114341,42065,469,-1.41,34
335213,3114341,42065,521,-1.49,44
336173,3114341,41328,1000,-1.74,27
336773,3114341,40857,1403,1.16,37
337493,3114341,39950,1854,-0.92,55
337613,3114341,39950,1919,-0.71,74
337733,3114341,39950,1989,-0.74,66
339293,3114341,38924,3054,-4.80,56
339533,3114341,38924,3224,11.58,36
332213,3114221,44085,1436,-1.49,33
334253,3114221,42996,26,-0.71,28
335213,3114221,42065,626,2.52,59
336173,3114221,41328,1095,-1.03,35
336293,3114221,41328,1169,-0.89,75
336413,3114221,41171,1239,13.45,32
336773,3114221,41171,1486,-11.42,29
337733,3114221,39950,2086,-0.69,63
339173,3114221,38924,3063,5.95,48
340013,3114221,38924,3663,-0.79,30
343013,3114221,38634,6258,-0.08,63
332453,3114101,44085,1168,-0.90,35
333293,3114101,43928,469,-1.34,50
334133,3114101,43286,63,11.75,44
334853,3114101,42525,521,-17.15,39
335933,3114101,41473,1083,-0.71,59
336053,3114101,41328,1136,-0.88,39
336173,3114101,41328,1195,-0.94,49
336293,3114101,41328,1263,-0.58,49
337493,3114101,39950,2062,-0.96,54
337613,3114101,39950,2121,-0.54,63
343013,3114101,38634,6308,0.29,56
332213,3113981,44822,1317,-1.18,64
332333,3113981,44375,1220,-1.14,35
332813,3113981,44085,791,0.54,26
336173,3113981,41328,1298,-1.12,63
336773,3113981,41171,1655,3.28,41
336893,3113981,41171,1738,-0.99,29
337373,3113981,40857,2078,-0.55,60
337493,3113981,40385,2163,-0.73,74
337613,3113981,39950,2225,28.50,35
339053,3113981,39648,3141,-0.55,37
334853,3113861,42996,674,-1.29,41
337493,3113861,40857,2247,-0.28,30
338933,3113861,39648,3138,-0.40,48
339053,3113861,39648,3223,7.48,39
341693,3113861,38924,5248,0.33,25
341813,3113861,38924,5352,0.15,31
342773,3113861,38779,6200,-0.16,26
343853,3113861,38634,7172,-0.17,39
332813,3113741,44375,684,-1.20,70
333053,3113741,44085,485,-1.54,32
335933,3113741,41920,1408,-1.28,25
336053,3113741,41473,1458,-0.87,75
337613,3113741,40857,2417,4.58,27
338933,3113741,39793,3223,21.35,27
341933,3113741,38924,5516,-17.40,53
342053,3113741,38924,5619,-0.23,45
342653,3113741,38924,6146,0.20,41
343493,3113741,38634,6897,4.62,47
332213,3113621,44822,1101,-1.35,61
335093,3113621,43141,994,-0.61,50
336293,3113621,41328,1673,-0.93,32
338093,3113621,39950,2784,2.94,33
341573,3113621,38924,5275,-0.42,62
341693,3113621,38924,5375,-0.25,26
341813,3113621,38924,5476,-0.01,50
341933,3113621,38924,5578,-0.27,65
342053,3113621,38924,5680,0.09,59
342653,3113621,38924,6202,-0.15,51
332573,3113501,44822,733,-1.09,33
332813,3113501,44822,556,-1.25,56
334853,3113501,43141,868,-0.64,31
336053,3113501,41920,1671,-0.55,30
337493,3113501,41171,2503,-0.40,56
338453,3113501,39793,3094,-18.61,40
341453,3113501,38924,5245,0.07,31
341693,3113501,38924,5442,0.29,33
341933,3113501,38924,5642,0.12,30
342053,3113501,38924,5743,0.11,28
342413,3113501,38924,6051,-0.22,70
342773,3113501,38924,6365,0.11,71
343253,3113501,38924,6790,21.73,32
343853,3113501,38634,7326,0.44,52
343973,3113501,38634,7434,0.45,62
332333,3113381,44967,885,-1.24,65
332453,3113381,44822,778,-0.88,37
332693,3113381,44822,566,-1.18,42
332813,3113381,44822,470,-1.10,57
337373,3113381,41171,2503,-0.50,54
337493,3113381,41171,2586,-7.12,27
338813,3113381,39793,3408,-3.89,26
338933,3113381,39793,3486,-23.24,37
341213,3113381,38924,5125,0.01,29
341813,3113381,38924,5608,-0.04,63
341933,3113381,38924,5708,0.06,45
342053,3113381,38924,5808,-0.29,25
342173,3113381,38924,5909,0.05,68
342293,3113381,38924,6010,-0.16,75
343013,3113381,38924,6633,0.33,50
343253,3113381,38924,6845,-3.76,34
343973,3113381,38779,7488,0.03,69
332333,3113261,44967,834,-1.53,43
332453,3113261,44967,724,-1.68,45
332693,3113261,44822,511,-1.32,35
337373,3113261,41171,2591,-0.65,75
337493,3113261,41171,2672,-0.73,79
337613,3113261,41171,2756,-0.42,26
338933,3113261,39793,3577,-0.67,63
339053,3113261,39793,3655,-0.70,41
341333,3113261,38924,5294,-0.34,56
341693,3113261,38924,5580,0.27,37
341933,3113261,38924,5775,-0.05,79
342053,3113261,38924,5874,-0.02,56
342173,3113261,38924,5974,-0.09,61
342293,3113261,38924,6075,-0.17,67
342773,3113261,38924,6483,0.13,55
343373,3113261,38924,7007,0.17,36
343613,3113261,38924,7219,0.02,33
343733,3113261,38924,7326,0.06,75
332453,3113141,44967,681,-1.05,31
332693,3113141,44967,455,-1.61,39
333293,3113141,44664,23,24.55,42
337133,3113141,41171,2536,-1.09,37
337253,3113141,41171,2607,-0.89,35
337373,3113141,41171,2682,-0.42,42
337493,3113141,41171,2761,-8.49,34
337613,3113141,41171,2842,-0.76,26
338213,3113141,39950,3253,-0.42,27
340973,3113141,38924,5096,-0.36,48
341093,3113141,38924,5186,-0.56,35
341213,3113141,38924,5277,-0.40,61
341933,3113141,38924,5845,0.13,56
342053,3113141,38924,5942,-3.76,51
342173,3113141,38924,6041,-0.01,60
343133,3113141,38924,6855,-0.12,38
343373,3113141,38924,7064,-0.09,62
343493,3113141,38924,7169,0.26,84
343733,3113141,38924,7381,-0.01,68
343853,3113141,38924,7488,0.35,49
343973,3113141,38924,7595,-8.08,28
332693,3113021,44967,421,-1.39,73
337133,3113021,41328,2631,-0.77,58
337253,3113021,41171,2703,-0.55,67
338813,3113021,39793,3694,-0.60,45
338933,3113021,39793,3765,-0.37,35
340853,3113021,38924,5090,0.02,56
340973,3113021,38924,5177,-0.40,65
341093,3113021,38924,5266,-0.41,42
341213,3113021,38924,5355,-0.16,55
341453,3113021,38924,5538,-0.21,60
341573,3113021,38924,5631,0.14,32
341933,3113021,38924,5916,0.12,29
342413,3113021,38924,6307,-0.26,29
342773,3113021,38924,6608,-0.30,34
343733,3113021,38924,7437,0.16,45
343853,3113021,38924,7543,0.45,58
332333,3112901,45848,648,-1.20,62
332453,3112901,45401,566,-1.72,60
334133,3112901,44520,873,-3.79,41
334253,3112901,44217,979,-7.40,42
337133,3112901,41328,2728,-0.63,29
337253,3112901,41328,2799,-0.90,50
337373,3112901,41171,2871,-0.85,75
337733,3112901,41171,3100,-0.73,37
340853,3112901,38924,5174,-0.15,65
340973,3112901,38924,5260,-0.21,44
341093,3112901,38924,5347,-0.17,67
341213,3112901,38924,5435,-0.06,74
341333,3112901,38924,5525,-0.34,58
341453,3112901,38924,5615,0.15,34
341693,3112901,38924,5800,-0.46,26
342293,3112901,38924,6277,-0.15,63
342413,3112901,38924,6375,-0.14,46
342533,3112901,38924,6474,-0.15,32
342653,3112901,38924,6573,-0.24,56
342773,3112901,38924,6673,0.22,70
343973,3112901,38924,7706,0.07,70
332213,3112781,45848,618,-1.67,36
332453,3112781,45848,490,-5.68,38
337253,3112781,41328,2895,-0.78,75
337733,3112781,41171,3190,-0.43,51
337853,3112781,41171,3269,-0.85,52
338453,3112781,39950,3685,2.98,53
341093,3112781,38924,5430,-0.32,58
341453,3112781,38924,5694,-0.32,65
342413,3112781,38924,6445,0.17,59
342653,3112781,38924,6641,-14.78,28
342773,3112781,38924,6740,0.20,67
343373,3112781,38924,7245,-2.12,69
343973,3112781,38924,7763,-9.53,36
334613,3112661,44217,1410,-7.93,34
336773,3112661,41328,2746,-0.40,29
337013,3112661,41328,2862,-0.17,41
337133,3112661,41328,2926,-0.45,42
337253,3112661,41328,2993,-0.75,75
337733,3112661,41171,3282,-0.81,48
338333,3112661,41171,3691,-0.65,58
338573,3112661,39950,3850,-0.95,59
341093,3112661,38924,5514,0.00,53
341213,3112661,38924,5599,-0.44,34
334013,3112541,44664,956,-18.97,28
334133,3112541,44664,1050,-0.81,46
336893,3112541,41328,2908,-0.68,66
337013,3112541,41328,2965,-0.43,39
337133,3112541,41328,3027,-0.61,71
337253,3112541,41328,3092,-0.92,62
337373,3112541,41328,3160,-0.80,38
337853,3112541,41171,3451,1.27,32
341093,3112541,38924,5599,-0.19,77
341213,3112541,38924,5683,-0.31,60
343133,3112541,38924,7172,-0.29,36
343613,3112541,38924,7575,-0.26,53
343733,3112541,38924,7677,0.24,78
343853,3112541,38924,7780,-0.09,29
334373,3112421,44664,1315,-1.69,45
336773,3112421,41473,2961,-0.97,52
336893,3112421,41328,3014,-0.82,44
337133,3112421,41328,3130,-0.48,40
337373,3112421,41328,3258,-0.87,57
338693,3112421,40857,4115,-0.32,29
341093,3112421,38924,5686,-0.21,35
341333,3112421,38924,5853,0.73,39
341573,3112421,38924,6025,-0.13,73
343613,3112421,38924,7639,30.57,26
343733,3112421,38924,7740,0.35,77
334253,3112301,45231,1274,-1.13,47
334373,3112301,44664,1386,-1.15,60
334613,3112301,44664,1581,-7.80,45
335333,3112301,43141,2111,-1.20,28
335453,3112301,43141,2177,-0.79,32
336533,3112301,43141,2928,37.37,27
336653,3112301,41920,3001,-0.91,76
337013,3112301,41328,3176,-0.83,72
337133,3112301,41328,3233,-0.81,50
337253,3112301,41328,3294,-12.40,33
338693,3112301,41171,4199,-0.33,62
338813,3112301,39950,4283,-0.37,63
341453,3112301,38924,6023,-0.17,58
341693,3112301,38924,6195,-0.17,80
341813,3112301,38924,6283,0.18,32
343013,3112301,38924,7212,-6.43,49
343133,3112301,38924,7309,-0.21,43
343733,3112301,38924,7805,0.41,57
334013,3112181,45231,1102,-0.91,46
334133,3112181,45231,1209,-1.28,53
334373,3112181,45231,1428,-1.03,75
334613,3112181,44664,1649,-0.98,53
334853,3112181,44664,1848,-0.95,51
335093,3112181,44664,2055,-1.25,26
335453,3112181,43141,2277,-7.13,26
335573,3112181,43141,2344,12.44,33
336533,3112181,43141,3003,-0.53,38
336773,3112181,41920,3167,-0.44,32
336893,3112181,41473,3229,-0.86,76
337013,3112181,41328,3283,-1.00,35
337373,3112181,41328,3459,-0.87,39
337973,3112181,41171,3807,-0.81,30
338333,3112181,41171,4036,-0.51,68
338693,3112181,41171,4283,-0.79,61
338813,3112181,41171,4369,-0.66,44
340973,3112181,39648,5772,-0.08,37
341213,3112181,38924,5943,-0.31,33
341333,3112181,38924,6025,-0.06,42
341693,3112181,38924,6278,-0.03,79
341813,3112181,38924,6365,-0.30,53
342533,3112181,38924,6906,6.90,54
343613,3112181,38924,7772,-14.51,27
332453,3112061,46175,84,5.97,27
333533,3112061,45401,806,-0.83,26
334133,3112061,45231,1266,-0.64,30
334253,3112061,45231,1370,3.15,31
334613,3112061,45231,1696,-5.47,46
334733,3112061,45231,1807,-1.34,62
335093,3112061,44664,2115,-1.39,33
335453,3112061,43141,2378,-0.89,59
336293,3112061,43141,2905,-0.66,27
336413,3112061,43141,2991,-0.85,60
336533,3112061,43141,3081,-0.63,53
336653,3112061,43141,3172,-0.69,74
336773,3112061,43141,3265,-0.91,45
336893,3112061,41920,3333,-0.79,41
337973,3112061,41171,3903,-0.45,69
338213,3112061,41171,4050,-0.39,38
338333,3112061,41171,4127,-0.80,60
338573,3112061,41171,4286,-0.81,60
338693,3112061,41171,4369,-0.60,84
338813,3112061,41171,4453,-0.34,83
338933,3112061,41171,4539,-4.45,32
339893,3112061,39793,5114,-8.73,40
341693,3112061,38924,6362,0.05,63
341933,3112061,38924,6534,-0.15,72
342533,3112061,38924,6982,-7.35,34
334013,3111941,45231,1236,-1.02,42
334253,3111941,45231,1431,-0.89,36
334373,3111941,45231,1534,-1.35,47
334733,3111941,45231,1854,-1.35,32
335333,3111941,44664,2382,3.55,50
336293,3111941,43141,2990,-0.65,59
336533,3111941,43141,3161,-0.58,54
336653,3111941,43141,3250,-9.90,32
336893,3111941,43141,3433,-0.95,34
337853,3111941,41328,3927,-0.31,33
337973,3111941,41328,3999,-0.88,30
338453,3111941,41171,4296,-0.92,43
338573,3111941,41171,4375,-0.39,76
338813,3111941,41171,4538,-0.39,74
339053,3111941,41171,4708,-0.58,47
339773,3111941,39793,5133,0.07,27
340253,3111941,39793,5439,13.45,31
341213,3111941,39648,6112,0.13,25
341333,3111941,39648,6200,-0.22,40
341693,3111941,38924,6447,0.24,42
341813,3111941,38924,6532,0.13,44
341933,3111941,38924,6617,-7.66,29
342053,3111941,38924,6704,-0.07,68
342173,3111941,38924,6792,-0.32,32
342293,3111941,38924,6880,-0.11,42
333893,3111821,45231,1229,-1.08,77
334013,3111821,45231,1314,-1.17,62
334253,3111821,45231,1499,-0.97,50
334853,3111821,45231,2014,-28.21,31
334973,3111821,45231,2122,-3.53,37
335333,3111821,44664,2446,-0.74,62
336653,3111821,43141,3331,-1.11,31
338573,3111821,41171,4465,-11.51,53
338813,3111821,41171,4626,-0.63,66
338933,3111821,41171,4708,-0.53,79
339053,3111821,41171,4792,-0.39,63
340253,3111821,39793,5529,1.19,48
341573,3111821,38924,6452,-0.21,44
341813,3111821,38924,6617,-0.07,49
341933,3111821,38924,6702,-0.28,25
342173,3111821,38924,6874,-0.37,45
333893,3111701,45558,1308,-1.00,46
334013,3111701,45231,1399,-0.94,50
334133,3111701,45231,1484,-0.84,29
336053,3111701,43141,3015,-1.22,27
336653,3111701,43141,3414,-0.58,56
336773,3111701,43141,3500,-0.95,58
336893,3111701,43141,3589,-0.65,58
338453,3111701,41171,4481,10.03,50
338813,3111701,41171,4714,-0.74,42
338933,3111701,41171,4795,-0.21,37
339173,3111701,41171,4962,-0.27,46
341213,3111701,39648,6278,6.69,28
341453,3111701,39648,6451,-4.71,51
334253,3111581,45231,1654,1.08,40
334853,3111581,45231,2131,-1.36,57
335573,3111581,45231,2767,-0.70,48
336173,3111581,43141,3184,-1.11,69
336653,3111581,43141,3499,-8.89,44
337013,3111581,43141,3758,-1.08,61
337613,3111581,41328,4097,-0.71,76
337733,3111581,41328,4159,-0.75,61
338453,3111581,41171,4575,-0.41,56
339053,3111581,41171,4965,-0.67,70
339293,3111581,41171,5132,-0.64,30
339773,3111581,39950,5421,-0.10,63
340733,3111581,39793,6028,-0.44,29
340853,3111581,39793,6110,-2.64,40
333533,3111461,45703,1211,-5.98,30
334253,3111461,45231,1738,-2.94,26
334733,3111461,45231,2099,-1.23,63
334853,3111461,45231,2197,-1.52,33
335333,3111461,45231,2606,-1.24,37
335573,3111461,45231,2819,-1.16,29
336053,3111461,43141,3209,-0.65,37
336413,3111461,43141,3428,-0.77,81
336533,3111461,43141,3506,-0.98,49
336653,3111461,43141,3586,-1.14,48
339293,3111461,41171,5217,-0.53,56
332813,3111341,46502,871,3.78,40
332933,3111341,46175,945,3.42,47
333293,3111341,45703,1176,-1.18,33
334973,3111341,45231,2364,-1.31,61
335333,3111341,45231,2665,-1.17,44
332693,3111221,46672,871,-1.15,66
333053,3111221,46175,1113,-1.01,27
333293,3111221,46175,1271,-1.45,45
334013,3111221,45558,1717,-1.01,69
334133,3111221,45558,1802,-39.16,42
334733,3111221,45231,2251,-1.15,82
334853,3111221,45231,2342,-1.15,57
335093,3111221,45231,2532,-1.17,67
335333,3111221,45231,2729,-1.01,60
333173,3111101,46175,1281,34.79,37
333653,3111101,45703,1570,-1.31,40
334253,3111101,45558,1971,-1.31,54
334973,3111101,45231,2511,-1.23,41
332693,3110981,46999,1040,-0.99,47
333653,3110981,45703,1669,-1.21,56
333053,3110861,46672,1379,-1.36,71
333893,3110861,45703,1905,-1.02,56
