chainage_m,x,y,thalweg_m,trim_L_m,h_L_m,d_L_m,void_L,nobs_L,trim_R_m,h_R_m,d_R_m,void_R,nobs_R
200.0,354206.3714285714,3128245.0285714287,5029.224,nan,nan,nan,0,0,nan,nan,nan,0,0
400.0,354064.9428571428,3128386.4571428574,4835.048,nan,nan,nan,0,0,nan,nan,nan,0,0
600.0,353988.4976744186,3128554.297674419,4694.4077,nan,nan,nan,0,0,nan,nan,nan,0,0
800.0,353969.22857142857,3128722.1714285715,4565.596,nan,nan,nan,0,0,nan,nan,nan,0,0
1000.0,354066.3714285714,3128872.1714285715,4413.8955,nan,nan,nan,0,0,nan,nan,nan,0,0
1200.0,354207.8,3129013.6,4318.1978,nan,nan,nan,0,0,nan,nan,nan,0,0
1400.0,354197.8,3129192.6,4224.677,nan,nan,nan,0,0,nan,nan,nan,0,0
1600.0,354257.8,3129367.6,4101.608,nan,nan,nan,0,0,nan,nan,nan,0,0
1800.0,354374.311627907,3129517.088372093,4054.853,nan,nan,nan,0,0,nan,nan,nan,0,0
2000.0,354317.8,3129693.6,4016.982,nan,nan,nan,0,0,nan,nan,nan,0,0
2200.0,354176.3714285714,3129835.0285714287,3973.755,nan,nan,nan,0,0,nan,nan,nan,0,0
2400.0,354034.9428571428,3129976.4571428574,3902.3308,nan,nan,nan,0,0,nan,nan,nan,0,0
2600.0,354017.10232558136,3130144.297674419,3792.3953,nan,nan,nan,0,0,nan,nan,nan,0,0
2800.0,354036.3714285714,3130312.1714285715,3741.032,nan,nan,nan,0,0,nan,nan,nan,0,0
3000.0,354047.8,3130482.6,3709.1475,nan,nan,nan,0,0,nan,nan,nan,0,0
3200.0,354047.8,3130657.6,3698.0874,nan,nan,nan,0,0,nan,nan,nan,0,0
3400.0,353924.9428571428,3130806.4571428574,3675.018,nan,nan,nan,0,0,nan,nan,nan,0,0
3600.0,353825.9395348837,3130965.4604651164,3661.8506,nan,nan,nan,0,0,nan,nan,nan,0,0
3800.0,353684.311627907,3131107.088372093,3632.8623,nan,nan,nan,0,0,nan,nan,nan,0,0
4000.0,353597.8,3131270.6,3624.9255,nan,nan,nan,0,0,nan,nan,nan,0,0
4200.0,353486.3714285714,3131425.0285714287,3598.9001,nan,nan,nan,0,0,nan,nan,nan,0,0
4400.0,353366.3714285714,3131575.0285714287,3568.0173,nan,nan,nan,0,0,nan,nan,nan,0,0
4600.0,353237.8,3131721.6,3532.2825,nan,nan,nan,0,0,nan,nan,nan,0,0
4800.0,353147.8,3131884.6,3499.3342,nan,nan,nan,0,0,nan,nan,nan,0,0
5000.0,353027.0857142857,3132034.314285714,3485.6133,nan,nan,nan,0,0,nan,nan,nan,0,0
5200.0,352927.8,3132193.6,3477.9062,nan,nan,nan,0,0,nan,nan,nan,0,0
5400.0,352817.8,3132347.6,3459.945,nan,nan,nan,0,0,nan,nan,nan,0,0
5600.0,352729.9428571428,3132511.4571428574,3446.1936,nan,nan,nan,0,0,nan,nan,nan,0,0
5800.0,352609.8930232558,3132661.506976744,3439.1292,nan,nan,nan,0,0,nan,nan,nan,0,0
6000.0,352468.2651162791,3132803.134883721,3421.5337,nan,nan,nan,0,0,nan,nan,nan,0,0
6200.0,352297.8,3132873.6,3392.7412,nan,nan,nan,0,0,nan,nan,nan,0,0
6400.0,352132.68372093025,3132958.71627907,3344.5923,nan,nan,nan,0,0,nan,nan,nan,0,0
6600.0,351991.3714285714,3133100.0285714287,3279.1777,nan,nan,nan,0,0,nan,nan,nan,0,0
6800.0,351846.8,3133233.6,3227.5356,nan,nan,nan,0,0,nan,nan,nan,0,0
7000.0,351767.8,3133389.6,3183.9006,nan,nan,nan,0,0,nan,nan,nan,0,0
7200.0,351857.8,3133552.6,3148.131,nan,nan,nan,0,0,nan,nan,nan,0,0
7400.0,351787.8,3133723.6,3111.761,nan,nan,nan,0,0,nan,nan,nan,0,0
7600.0,351688.51428571425,3133882.885714286,3081.8562,nan,nan,nan,0,0,nan,nan,nan,0,0
7800.0,351557.8,3134028.6,3047.559,nan,nan,nan,0,0,nan,nan,nan,0,0
8000.0,351448.2651162791,3134183.134883721,3016.4292,nan,nan,nan,0,0,nan,nan,nan,0,0
8200.0,351437.8,3134378.6,2992.6152,nan,nan,nan,0,0,nan,nan,nan,0,0
8400.0,351527.8,3134541.6,2960.1128,nan,nan,nan,0,0,nan,nan,nan,0,0
8600.0,351557.8,3134728.6,2931.6077,nan,nan,nan,0,0,nan,nan,nan,0,0
8800.0,351525.65714285715,3134915.742857143,2901.404,nan,nan,nan,0,0,nan,nan,nan,0,0
9000.0,351374.8,3135033.6,2875.169,nan,nan,nan,0,0,nan,nan,nan,0,0
9200.0,351186.8,3135003.6,2854.023,nan,nan,nan,0,0,nan,nan,nan,0,0
9400.0,350999.8,3135033.6,2828.6538,nan,nan,nan,0,0,nan,nan,nan,0,0
9600.0,350819.22857142857,3135022.1714285715,2810.2864,nan,nan,nan,0,0,nan,nan,nan,0,0
9800.0,350623.8,3135033.6,2791.4304,nan,nan,nan,0,0,nan,nan,nan,0,0
10000.0,350448.51428571425,3135092.885714286,2768.832,nan,nan,nan,0,0,nan,nan,nan,0,0
10200.0,350261.8,3135123.6,2744.2092,nan,nan,nan,0,0,nan,nan,nan,0,0
10400.0,350069.22857142857,3135142.1714285715,2717.9685,nan,nan,nan,0,0,nan,nan,nan,0,0
10600.0,349909.9428571428,3135241.4571428574,2714.327,nan,nan,nan,0,0,nan,nan,nan,0,0
10800.0,349748.8,3135273.6,2682.9792,nan,nan,nan,0,0,nan,nan,nan,0,0
11000.0,349574.9428571428,3135336.4571428574,2665.883,nan,nan,nan,0,0,nan,nan,nan,0,0
11200.0,349385.8,3135363.6,2649.673,nan,nan,nan,0,0,nan,nan,nan,0,0
11400.0,349210.8,3135423.6,2631.9573,nan,nan,nan,0,0,nan,nan,nan,0,0
11600.0,349022.8,3135453.6,2634.6555,2642.5813,7.9257812,24.0,1,4,nan,nan,nan,0,30
11800.0,348833.3813953488,3135478.018604651,2602.0896,2643.5051,41.415527,104.0,0,14,2671.326,69.23633,104.0,0,18
12000.0,348659.8,3135423.6,2582.0913,nan,nan,nan,0,43,2689.449,107.357666,216.0,0,14
12200.0,348472.8,3135393.6,2555.092,2600.58,45.488037,64.0,0,3,2636.2832,81.19116,120.0,0,8
12400.0,348297.8,3135333.6,2549.0818,2634.7793,85.69751,104.0,1,11,2614.104,65.02222,136.0,0,18
12600.0,348109.8,3135303.6,2518.8652,2656.123,137.25781,144.0,0,23,2586.8308,67.965576,152.0,1,23
12800.0,347909.8,3135303.6,2497.4304,2555.144,57.713623,96.0,0,7,2575.6565,78.226074,128.0,0,15
13000.0,347729.9428571428,3135351.4571428574,2445.9888,nan,nan,nan,0,0,2556.337,110.348145,136.0,1,19
13200.0,347546.8,3135333.6,2434.1711,2562.1304,127.95923,80.0,1,15,nan,nan,nan,0,40
13400.0,347346.8,3135333.6,2411.7876,2447.404,35.616455,32.0,0,8,nan,nan,nan,0,21
13600.0,347171.8,3135333.6,2384.0718,nan,nan,nan,0,3,nan,nan,nan,0,4
13800.0,346984.8,3135303.6,2370.284,nan,nan,nan,0,0,nan,nan,nan,0,0
14000.0,346796.8,3135273.6,2348.535,nan,nan,nan,0,0,nan,nan,nan,0,0
14200.0,346633.8,3135183.6,2333.041,nan,nan,nan,0,0,nan,nan,nan,0,0
14400.0,346476.3714285714,3135082.1714285715,2318.7332,nan,nan,nan,0,0,nan,nan,nan,0,0
14600.0,346334.9428571428,3134940.742857143,2301.7952,nan,nan,nan,0,0,nan,nan,nan,0,0
14800.0,346183.8,3134823.6,2283.1057,nan,nan,nan,0,0,nan,nan,nan,0,0
15000.0,346007.8,3134823.6,2273.365,nan,nan,nan,0,0,nan,nan,nan,0,0
15200.0,345820.8,3134793.6,2255.952,nan,nan,nan,0,0,nan,nan,nan,0,0
15400.0,345645.8,3134793.6,2248.1345,nan,nan,nan,0,0,nan,nan,nan,0,0
15600.0,345457.8,3134763.6,2236.142,nan,nan,nan,0,0,nan,nan,nan,0,0
15800.0,345270.8,3134733.6,2222.6846,nan,nan,nan,0,0,nan,nan,nan,0,0
16000.0,345125.2418604651,3134601.0418604654,2221.0923,nan,nan,nan,0,0,nan,nan,nan,0,0
16200.0,344957.8,3134523.6,2219.4773,nan,nan,nan,0,0,nan,nan,nan,0,0
16400.0,344794.8,3134493.6,2185.8206,nan,nan,nan,0,0,nan,nan,nan,0,0
16600.0,344639.66046511626,3134385.4604651164,2174.424,nan,nan,nan,0,0,nan,nan,nan,0,0
16800.0,344498.03255813953,3134243.8325581397,2165.5051,nan,nan,nan,0,0,nan,nan,nan,0,0
17000.0,344399.22857142857,3134085.0285714287,2145.4326,nan,nan,nan,0,0,nan,nan,nan,0,0
17200.0,344357.8,3133901.6,2141.5764,nan,nan,nan,0,0,nan,nan,nan,0,0
17400.0,344387.10232558136,3133714.297674419,2155.476,nan,nan,nan,0,0,nan,nan,nan,0,0
17600.0,344387.8,3133514.6,2124.6274,nan,nan,nan,0,0,nan,nan,nan,0,0
17800.0,344417.8,3133351.6,2159.186,nan,nan,nan,0,0,nan,nan,nan,0,0
18000.0,344359.8930232558,3133175.693023256,2145.6587,nan,nan,nan,0,0,nan,nan,nan,0,0
18200.0,344352.21860465116,3132999.181395349,2139.4607,nan,nan,nan,0,0,nan,nan,nan,0,0
18400.0,344357.8,3132826.6,2134.2537,nan,nan,nan,0,0,nan,nan,nan,0,0
18600.0,344267.8,3132663.6,2103.0085,nan,nan,nan,0,0,nan,nan,nan,0,0
18800.0,344292.21860465116,3132478.018604651,2090.6292,nan,nan,nan,0,0,nan,nan,nan,0,0
19000.0,344169.8,3132333.6,2076.484,nan,nan,nan,0,0,nan,nan,nan,0,0
19200.0,344027.8,3132205.6,2089.8198,nan,nan,nan,0,0,nan,nan,nan,0,0
19400.0,343901.52093023254,3132057.3209302328,2078.6194,nan,nan,nan,0,0,nan,nan,nan,0,0
19600.0,343751.52093023254,3131937.3209302328,2045.0889,nan,nan,nan,0,0,nan,nan,nan,0,0
19800.0,343609.9428571428,3131795.742857143,2033.5945,nan,nan,nan,0,0,nan,nan,nan,0,0
20000.0,343448.8,3131703.6,2018.4907,nan,nan,nan,0,0,nan,nan,nan,0,0
20200.0,343300.8232558139,3131576.623255814,2011.7167,nan,nan,nan,0,0,nan,nan,nan,0,0
20400.0,343159.22857142857,3131435.0285714287,1996.2682,nan,nan,nan,0,0,nan,nan,nan,0,0
20600.0,343018.2651162791,3131294.0651162793,1976.3066,nan,nan,nan,0,0,nan,nan,nan,0,0
20800.0,342876.63720930234,3131152.4372093026,1962.0774,nan,nan,nan,0,0,nan,nan,nan,0,0
21000.0,342799.1953488372,3130984.995348837,1985.9797,nan,nan,nan,0,0,nan,nan,nan,0,0
21200.0,342742.0857142857,3130807.885714286,1935.6198,nan,nan,nan,0,0,nan,nan,nan,0,0
21400.0,342643.51428571425,3130649.314285714,1989.5992,nan,nan,nan,0,0,nan,nan,nan,0,0
21600.0,342501.9860465116,3130507.7860465115,1919.1915,nan,nan,nan,0,0,nan,nan,nan,0,0
21800.0,342377.8,3130358.6,1898.7068,nan,nan,nan,0,0,nan,nan,nan,0,0
22000.0,342222.8,3130258.6,1889.9718,nan,nan,nan,0,0,nan,nan,nan,0,0
22200.0,342081.288372093,3130117.088372093,1865.9309,nan,nan,nan,0,0,nan,nan,nan,0,0
22400.0,341939.9428571428,3129975.742857143,1867.0154,nan,nan,nan,0,0,nan,nan,nan,0,0
22600.0,341772.0857142857,3129957.885714286,1853.7496,nan,nan,nan,0,0,nan,nan,nan,0,0
22800.0,341622.0857142857,3129837.885714286,1900.5165,nan,nan,nan,0,0,nan,nan,nan,0,0
23000.0,341480.59069767443,3129696.3906976744,1857.5907,nan,nan,nan,0,0,nan,nan,nan,0,0
23200.0,341359.9428571428,3129545.742857143,1848.7872,nan,nan,nan,0,0,nan,nan,nan,0,0
23400.0,341237.8,3129396.6,1818.0037,nan,nan,nan,0,0,nan,nan,nan,0,0
23600.0,341080.8232558139,3129296.623255814,1812.5356,nan,nan,nan,0,0,nan,nan,nan,0,0
23800.0,340922.0857142857,3129197.885714286,1808.0947,nan,nan,nan,0,0,nan,nan,nan,0,0
24000.0,340787.8,3129053.6,1794.7074,nan,nan,nan,0,0,nan,nan,nan,0,0
24200.0,340787.8,3128853.6,1788.4991,nan,nan,nan,0,0,nan,nan,nan,0,0
24400.0,340817.8,3128665.6,1778.9312,nan,nan,nan,0,0,nan,nan,nan,0,0
24600.0,340780.8232558139,3128500.576744186,1772.3492,nan,nan,nan,0,0,nan,nan,nan,0,0
24800.0,340737.8,3128323.6,1775.0771,nan,nan,nan,0,0,nan,nan,nan,0,0
25000.0,340727.8,3128127.6,1754.6267,nan,nan,nan,0,0,nan,nan,nan,0,0
25200.0,340697.8,3127965.6,1746.92,nan,nan,nan,0,0,nan,nan,nan,0,0
25400.0,340607.0857142857,3127802.885714286,1738.0448,nan,nan,nan,0,0,nan,nan,nan,0,0
25600.0,340487.0857142857,3127652.885714286,1731.6473,nan,nan,nan,0,0,nan,nan,nan,0,0
25800.0,340345.47441860463,3127511.2744186046,1723.619,nan,nan,nan,0,0,nan,nan,nan,0,0
26000.0,340288.96279069764,3127334.7627906976,1717.9642,nan,nan,nan,0,0,nan,nan,nan,0,0
26200.0,340147.3348837209,3127193.134883721,1706.2577,nan,nan,nan,0,0,nan,nan,nan,0,0
26400.0,339997.0857142857,3127094.314285714,1706.6089,nan,nan,nan,0,0,nan,nan,nan,0,0
26600.0,339855.7069767442,3126991.506976744,1701.243,nan,nan,nan,0,0,nan,nan,nan,0,0
26800.0,339761.3714285714,3126850.0285714287,1693.9032,nan,nan,nan,0,0,nan,nan,nan,0,0
27000.0,339675.65714285715,3126691.4571428574,1690.2574,nan,nan,nan,0,0,nan,nan,nan,0,0
27200.0,339617.8,3126514.6,1684.9913,nan,nan,nan,0,0,nan,nan,nan,0,0
27400.0,339557.8,3126339.6,1677.6779,nan,nan,nan,0,0,nan,nan,nan,0,0
27600.0,339583.51428571425,3126179.314285714,1671.7012,nan,nan,nan,0,0,nan,nan,nan,0,0
27800.0,339527.8,3126001.6,1666.6353,nan,nan,nan,0,0,nan,nan,nan,0,0
28000.0,339508.96279069764,3125834.7627906976,1661.03,nan,nan,nan,0,0,nan,nan,nan,0,0
28200.0,339409.9428571428,3125675.742857143,1654.9236,nan,nan,nan,0,0,nan,nan,nan,0,0
28400.0,339268.51428571425,3125534.314285714,1648.3682,nan,nan,nan,0,0,nan,nan,nan,0,0
28600.0,339127.0857142857,3125392.885714286,1645.6135,nan,nan,nan,0,0,nan,nan,nan,0,0
28800.0,338985.65714285715,3125311.4571428574,1642.7825,nan,nan,nan,0,0,nan,nan,nan,0,0
29000.0,338897.8,3125147.6,1639.6267,nan,nan,nan,0,0,nan,nan,nan,0,0
29200.0,338837.8,3124972.6,1635.8455,nan,nan,nan,0,0,nan,nan,nan,0,0
29400.0,338872.0857142857,3124807.885714286,1631.8497,nan,nan,nan,0,0,nan,nan,nan,0,0
29600.0,338867.8,3124634.6,1627.2467,nan,nan,nan,0,0,nan,nan,nan,0,0
29800.0,338916.3714285714,3124455.0285714287,1621.02,nan,nan,nan,0,0,nan,nan,nan,0,0
30000.0,338987.8,3124284.6,1615.9894,nan,nan,nan,0,0,nan,nan,nan,0,0
30200.0,339050.65714285715,3124110.742857143,1607.8152,nan,nan,nan,0,0,nan,nan,nan,0,0
30400.0,339087.0857142857,3123942.885714286,1607.8024,nan,nan,nan,0,0,nan,nan,nan,0,0
30600.0,339137.8,3123771.6,1606.1119,nan,nan,nan,0,0,nan,nan,nan,0,0
30800.0,339137.8,3123596.6,1595.6449,nan,nan,nan,0,0,nan,nan,nan,0,0
31000.0,339167.8,3123408.6,1593.0538,nan,nan,nan,0,0,nan,nan,nan,0,0
31200.0,339197.8,3123221.6,1590.3408,nan,nan,nan,0,0,nan,nan,nan,0,0
31400.0,339146.3714285714,3123042.1714285715,1585.6177,nan,nan,nan,0,0,nan,nan,nan,0,0
31600.0,339047.8,3122883.6,1578.2476,nan,nan,nan,0,0,nan,nan,nan,0,0
31800.0,338906.17209302326,3122741.9720930234,1567.9814,nan,nan,nan,0,0,nan,nan,nan,0,0
32000.0,338786.17209302326,3122591.9720930234,1568.1559,nan,nan,nan,0,0,nan,nan,nan,0,0
32200.0,338687.0857142857,3122432.885714286,1564.6833,nan,nan,nan,0,0,nan,nan,nan,0,0
32400.0,338588.03255813953,3122273.8325581397,1554.6423,nan,nan,nan,0,0,nan,nan,nan,0,0
32600.0,338537.8,3122094.6,1553.5005,nan,nan,nan,0,0,nan,nan,nan,0,0
32800.0,338537.8,3121919.6,1549.7864,nan,nan,nan,0,0,nan,nan,nan,0,0
33000.0,338507.8,3121731.6,1544.7987,nan,nan,nan,0,0,nan,nan,nan,0,0
33200.0,338477.8,3121544.6,1540.9857,nan,nan,nan,0,0,nan,nan,nan,0,0
33400.0,338507.8,3121356.6,1536.2468,nan,nan,nan,0,0,nan,nan,nan,0,0
33600.0,338537.8,3121169.6,1531.1476,nan,nan,nan,0,0,nan,nan,nan,0,0
33800.0,338456.8697674418,3121002.669767442,1526.488,nan,nan,nan,0,0,nan,nan,nan,0,0
34000.0,338387.8,3120831.6,1523.0619,nan,nan,nan,0,0,nan,nan,nan,0,0
34200.0,338327.8,3120656.6,1520.9333,nan,nan,nan,0,0,nan,nan,nan,0,0
34400.0,338297.8,3120468.6,1517.098,nan,nan,nan,0,0,nan,nan,nan,0,0
34600.0,338251.7534883721,3120287.5534883724,1504.878,nan,nan,nan,0,0,nan,nan,nan,0,0
34800.0,338152.8,3120128.6,1498.2957,nan,nan,nan,0,0,nan,nan,nan,0,0
35000.0,338074.9428571428,3119960.742857143,1492.6151,nan,nan,nan,0,0,nan,nan,nan,0,14
35200.0,337997.10232558136,3119792.9023255813,1487.9326,1538.9716,51.03894,96.0,0,13,1554.0482,66.1156,104.0,0,18
35400.0,337937.8,3119617.6,1484.1322,1553.0701,68.93787,104.0,1,18,1538.4802,54.348022,88.0,0,16
35600.0,337862.8,3119448.6,1479.7288,1542.5706,62.841797,88.0,0,16,1496.8392,17.110474,48.0,0,11
35800.0,337764.07906976744,3119289.8790697674,1476.0222,1566.6597,90.63745,136.0,0,22,1500.0592,24.036987,56.0,0,12
36000.0,337664.9428571428,3119130.742857143,1471.2941,1552.0334,80.73938,128.0,0,21,nan,nan,nan,0,37
36200.0,337608.4976744186,3118954.297674419,1467.0428,1571.5356,104.4928,128.0,0,21,1513.7771,46.734253,64.0,0,13
36400.0,337487.8,3118803.6,1464.8245,1555.7267,90.90222,128.0,0,21,nan,nan,nan,0,24
36600.0,337410.3581395349,3118636.1581395348,1457.5282,1550.8708,93.34265,128.0,0,21,nan,nan,nan,0,25
36800.0,337311.3714285714,3118477.1714285715,1460.9279,1559.7168,98.78894,144.0,0,23,nan,nan,nan,0,42
37000.0,337277.8,3118290.6,1453.8271,1493.3486,39.521484,88.0,0,16,nan,nan,nan,0,49
37200.0,337307.8,3118103.6,1450.5198,1517.5316,67.01184,104.0,0,15,nan,nan,nan,0,13
37400.0,337307.8,3117903.6,1442.2795,1532.3854,90.105835,128.0,0,17,nan,nan,nan,0,11
37600.0,337247.8,3117728.6,1433.8933,1601.671,167.77771,256.0,0,33,nan,nan,nan,0,5
37800.0,337277.8,3117540.6,1434.3595,1477.6115,43.251953,88.0,0,12,nan,nan,nan,0,4
38000.0,337217.8,3117365.6,1430.8655,nan,nan,nan,0,3,nan,nan,nan,0,0
38200.0,337217.8,3117165.6,1426.2822,nan,nan,nan,0,21,nan,nan,nan,0,0
38400.0,337277.8,3116990.6,1423.427,nan,nan,nan,0,0,nan,nan,nan,0,0
38600.0,337304.9428571428,3116826.4571428574,1419.545,nan,nan,nan,0,0,1511.3484,91.803345,200.0,0,25
38800.0,337247.8,3116652.6,1415.428,1443.5215,28.093506,64.0,0,13,1439.1117,23.683716,24.0,0,8
39000.0,337123.8,3116523.6,1411.9081,nan,nan,nan,0,51,1468.2489,56.34082,112.0,0,19
39200.0,336957.56744186045,3116443.3674418605,1406.7756,1480.9851,74.20947,136.0,0,22,nan,nan,nan,0,31
39400.0,336807.0857142857,3116322.885714286,1401.5894,1454.3665,52.7771,88.0,0,16,1448.9943,47.404907,88.0,0,16
39600.0,336767.8,3116139.6,1398.2484,nan,nan,nan,0,51,1430.1029,31.854492,24.0,0,8
39800.0,336642.8,3116008.6,1393.8264,1464.2612,70.434814,72.0,0,14,1465.0109,71.18445,176.0,0,27
40000.0,336477.8,3115923.6,1390.7877,1457.4196,66.631836,112.0,0,13,nan,nan,nan,0,49
40200.0,336317.8,3115831.6,1383.9792,1454.1752,70.19592,120.0,0,20,nan,nan,nan,0,47
40400.0,336182.8,3115713.6,1378.4259,1487.3682,108.94226,128.0,1,21,nan,nan,nan,0,51
40600.0,336028.2651162791,3115604.0651162793,1373.1677,1452.6714,79.50366,104.0,0,14,nan,nan,nan,0,47
40800.0,335897.8,3115457.6,1369.6045,1413.3333,43.72876,80.0,0,11,1396.8926,27.288086,40.0,0,5
41000.0,335757.8,3115333.6,1367.833,1429.3822,61.549194,104.0,0,11,1438.8445,71.011475,80.0,0,9
41200.0,335637.56744186045,3115183.3674418605,1363.3016,1447.9369,84.635254,120.0,0,16,1404.0986,40.796997,64.0,1,10
41400.0,335478.4976744186,3115084.297674419,1357.6814,1440.4126,82.7312,152.0,0,24,1461.2312,103.549805,80.0,1,15
41600.0,335303.8,3115023.6,1348.298,1442.8346,94.53662,120.0,0,20,nan,nan,nan,0,26
41800.0,335151.3714285714,3114907.1714285715,1344.7333,1424.4314,79.69812,88.0,0,15,1425.1068,80.373535,88.0,1,14
42000.0,335001.3714285714,3114787.1714285715,1342.3062,1418.134,75.82788,128.0,0,21,1421.475,79.16882,88.0,0,12
42200.0,334824.9428571428,3114730.742857143,1336.1813,1401.4912,65.30994,112.0,0,16,nan,nan,nan,0,12
42400.0,334677.8,3114603.6,1332.8976,1358.7423,25.844727,0.0,0,2,1369.8336,36.936035,24.0,0,8
42600.0,334515.65714285715,3114511.4571428574,1328.7339,1406.7272,77.993286,160.0,1,25,nan,nan,nan,0,33
42800.0,334374.22857142857,3114370.0285714287,1326.2643,1429.9755,103.71118,104.0,1,18,nan,nan,nan,0,46
43000.0,334277.8,3114209.6,1355.7048,1356.0787,0.37390137,8.0,1,6,1430.0087,74.30383,96.0,1,17
43200.0,334167.56744186045,3114113.8325581397,1334.7787,nan,nan,nan,0,51,1384.965,50.18628,64.0,0,13
43400.0,333991.05581395346,3114136.8558139536,1318.2029,1413.8344,95.63147,200.0,0,30,nan,nan,nan,0,50
43600.0,333849.4279069767,3113995.227906977,1317.2195,1426.228,109.008545,136.0,1,19,1369.9518,52.7323,80.0,0,9
43800.0,333707.8,3113853.6,1332.2991,1414.4929,82.19385,72.0,1,14,1346.2024,13.90332,72.0,1,14
44000.0,333566.8697674418,3113712.669767442,1314.9971,1407.5658,92.568726,168.0,1,20,1340.5515,25.554443,48.0,0,6
44200.0,333497.8,3113540.6,1336.2295,1378.044,41.814453,72.0,1,11,1398.7555,62.526,80.0,1,12
44400.0,333389.9428571428,3113385.742857143,1315.1257,1388.8639,73.73816,120.0,1,20,nan,nan,nan,0,51
44600.0,333317.8,3113215.6,1311.9327,nan,nan,nan,0,51,1357.1641,45.231323,80.0,0,15
44800.0,333183.1488372093,3113088.9488372095,1311.6951,1316.1156,4.420532,80.0,0,15,nan,nan,nan,0,51
45000.0,333107.8,3112920.6,1300.596,nan,nan,nan,0,51,nan,nan,nan,0,51
45200.0,333048.51428571425,3112744.314285714,1273.4294,1330.4703,57.040894,8.0,1,6,1358.2893,84.85986,88.0,0,16
45400.0,332928.51428571425,3112594.314285714,1257.9149,nan,nan,nan,0,51,1357.4808,99.56592,136.0,1,22
45600.0,332829.4279069767,3112435.227906977,1245.3345,nan,nan,nan,0,51,nan,nan,nan,0,35
45800.0,332675.8,3112323.6,1240.0938,nan,nan,nan,0,51,nan,nan,nan,0,23
46000.0,332511.3714285714,3112237.1714285715,1233.1665,nan,nan,nan,0,51,nan,nan,nan,0,11
46200.0,332369.9428571428,3112095.742857143,1228.2988,nan,nan,nan,0,51,nan,nan,nan,0,15
46400.0,332219.9428571428,3111975.742857143,1252.1471,1343.7963,91.64917,160.0,0,7,nan,nan,nan,0,0
46600.0,332078.51428571425,3111834.314285714,1225.788,nan,nan,nan,0,30,nan,nan,nan,0,0
46800.0,331937.0857142857,3111692.885714286,1213.6868,1321.1106,107.42383,96.0,1,16,nan,nan,nan,0,0
47000.0,331816.8,3111543.6,1218.7177,1317.504,98.78638,96.0,1,17,1285.779,67.0614,40.0,0,6
47200.0,331653.8,3111453.6,1206.8704,1293.8002,86.92981,96.0,0,16,1261.3538,54.4834,56.0,0,8
47400.0,331490.8,3111363.6,1231.7288,1246.9526,15.223877,32.0,1,5,nan,nan,nan,0,1
47600.0,331339.9428571428,3111245.742857143,1200.2198,1260.232,60.012207,96.0,0,17,nan,nan,nan,0,24
47800.0,331262.0857142857,3111077.885714286,1194.2833,1303.2948,109.011475,112.0,1,19,nan,nan,nan,0,42
48000.0,331163.3813953488,3110919.181395349,1207.5775,1287.6943,80.11682,96.0,1,17,1269.7585,62.18103,88.0,1,16
48200.0,331007.8,3110818.6,1195.9285,1271.2477,75.319214,112.0,0,19,1228.2542,32.325684,40.0,1,10
48400.0,330875.2418604651,3110716.1581395348,1193.6086,1267.5981,73.9895,160.0,1,25,nan,nan,nan,0,51
48600.0,330733.61395348836,3110609.4139534887,1186.416,1284.5416,98.12561,192.0,0,29,nan,nan,nan,0,14
48800.0,330592.0857142857,3110467.885714286,1181.4292,nan,nan,nan,0,0,nan,nan,nan,0,0
49000.0,330450.65714285715,3110326.4571428574,1177.8293,nan,nan,nan,0,0,nan,nan,nan,0,12
49200.0,330293.8,3110223.6,1172.7828,nan,nan,nan,0,10,nan,nan,nan,0,0
49400.0,330171.3714285714,3110077.1714285715,1165.0571,1220.4889,55.431763,56.0,0,2,nan,nan,nan,0,29
49600.0,330030.3581395349,3109936.1581395348,1147.3973,nan,nan,nan,0,0,1239.9192,92.52185,72.0,0,8
49800.0,329871.288372093,3109837.088372093,1138.2708,1190.0963,51.82556,32.0,1,8,1227.3202,89.04944,48.0,0,10
50000.0,329729.9428571428,3109695.742857143,1130.357,1256.3922,126.03516,104.0,1,18,nan,nan,nan,0,27
50200.0,329588.51428571425,3109554.314285714,1144.3192,1211.3076,66.9884,32.0,0,9,1184.9513,40.63208,0.0,0,5
50400.0,329447.8,3109412.6,1115.7877,1196.7057,80.91797,112.0,1,16,1214.2458,98.45813,56.0,1,9
50600.0,329348.03255813953,3109253.8325581397,1106.754,nan,nan,nan,0,1,1162.3561,55.60205,32.0,1,5
50800.0,329197.8,3109133.6,1096.9445,nan,nan,nan,0,0,nan,nan,nan,0,5
51000.0,329055.8,3108993.6,1086.073,nan,nan,nan,0,0,nan,nan,nan,0,0
51200.0,328867.8,3108963.6,1081.0233,nan,nan,nan,0,0,nan,nan,nan,0,0
51400.0,328680.8,3108933.6,1080.0474,nan,nan,nan,0,0,nan,nan,nan,0,0
51600.0,328509.22857142857,3108865.0285714287,1078.8983,nan,nan,nan,0,0,nan,nan,nan,0,0
51800.0,328349.9428571428,3108765.742857143,1077.0416,nan,nan,nan,0,0,nan,nan,nan,0,0
52000.0,328167.8,3108723.6,1068.0643,nan,nan,nan,0,0,nan,nan,nan,0,0
52200.0,327979.8,3108693.6,1062.8597,nan,nan,nan,0,0,nan,nan,nan,0,0
52400.0,327804.8,3108633.6,1057.6105,nan,nan,nan,0,0,nan,nan,nan,0,0
52600.0,327629.8,3108693.6,1055.2441,nan,nan,nan,0,0,nan,nan,nan,0,0
52800.0,327429.8,3108693.6,1052.4558,nan,nan,nan,0,0,nan,nan,nan,0,0
53000.0,327254.8,3108633.6,1048.5176,nan,nan,nan,0,0,nan,nan,nan,0,0
53200.0,327054.8,3108633.6,1043.9406,nan,nan,nan,0,0,nan,nan,nan,0,0
53400.0,326879.8,3108573.6,1038.51,nan,nan,nan,0,0,nan,nan,nan,0,0
53600.0,326691.8,3108543.6,1034.5396,nan,nan,nan,0,0,nan,nan,nan,0,0
53800.0,326531.52093023254,3108507.3209302328,1030.5192,nan,nan,nan,0,0,nan,nan,nan,0,0
54000.0,326366.8,3108423.6,1022.9004,nan,nan,nan,0,0,nan,nan,nan,0,0
54200.0,326213.51428571425,3108309.314285714,1016.45844,nan,nan,nan,0,0,nan,nan,nan,0,0
54400.0,326072.0857142857,3108167.885714286,1014.20386,nan,nan,nan,0,0,nan,nan,nan,0,0
54600.0,325922.0857142857,3108047.885714286,1011.73615,nan,nan,nan,0,0,nan,nan,nan,0,0
54800.0,325814.22857142857,3107910.0285714287,1002.7828,nan,nan,nan,0,0,nan,nan,nan,0,0
55000.0,325664.22857142857,3107790.0285714287,998.84955,nan,nan,nan,0,0,nan,nan,nan,0,0
55200.0,325504.9428571428,3107690.742857143,994.9473,nan,nan,nan,0,0,nan,nan,nan,0,0
55400.0,325337.10232558136,3107612.9023255813,990.34576,nan,nan,nan,0,0,nan,nan,nan,0,0
55600.0,325174.8,3107523.6,977.2057,nan,nan,nan,0,0,nan,nan,nan,0,0
55800.0,325011.8,3107433.6,968.9658,nan,nan,nan,0,0,nan,nan,nan,0,0
56000.0,324890.59069767443,3107286.3906976744,962.5544,nan,nan,nan,0,0,nan,nan,nan,0,0
56200.0,324739.9428571428,3107165.742857143,947.0753,nan,nan,nan,0,0,nan,nan,nan,0,0
56400.0,324598.51428571425,3107024.314285714,933.3351,nan,nan,nan,0,0,nan,nan,nan,0,0
56600.0,324440.8,3106923.6,925.9659,nan,nan,nan,0,0,nan,nan,nan,0,0
56800.0,324272.0857142857,3106847.885714286,919.8114,nan,nan,nan,0,0,nan,nan,nan,0,0
57000.0,324104.22857142857,3106770.0285714287,910.5699,nan,nan,nan,0,0,nan,nan,nan,0,0
57200.0,324005.2418604651,3106611.0418604654,902.8017,nan,nan,nan,0,0,nan,nan,nan,0,0
57400.0,323897.8,3106455.6,895.3469,nan,nan,nan,0,0,nan,nan,nan,0,0
57600.0,323828.51428571425,3106284.314285714,889.9416,nan,nan,nan,0,0,nan,nan,nan,0,0
57800.0,323708.03255813953,3106133.8325581397,882.5864,nan,nan,nan,0,0,nan,nan,nan,0,0
58000.0,323627.8,3105967.6,873.5865,nan,nan,nan,0,0,nan,nan,nan,0,0
58200.0,323622.0857142857,3105789.314285714,856.16315,nan,nan,nan,0,0,nan,nan,nan,0,0
58400.0,323699.66046511626,3105621.7395348838,863.9292,nan,nan,nan,0,0,nan,nan,nan,0,0
58600.0,323777.8,3105454.6,859.9744,nan,nan,nan,0,0,nan,nan,nan,0,0
58800.0,323807.8,3105266.6,847.8839,nan,nan,nan,0,0,nan,nan,nan,0,0
59000.0,323866.3714285714,3105092.1714285715,845.6072,nan,nan,nan,0,0,nan,nan,nan,0,0
59200.0,323867.8,3104916.6,838.4969,nan,nan,nan,0,0,nan,nan,nan,0,0
59400.0,323912.0857142857,3104747.885714286,833.73474,nan,nan,nan,0,0,nan,nan,nan,0,0
59600.0,323837.8,3104578.6,829.1956,nan,nan,nan,0,0,nan,nan,nan,0,0
59800.0,323777.8,3104403.6,824.9005,nan,nan,nan,0,0,nan,nan,nan,0,0
60000.0,323657.10232558136,3104252.9023255813,816.36945,nan,nan,nan,0,0,nan,nan,nan,0,0
60200.0,323507.10232558136,3104132.9023255813,810.7355,nan,nan,nan,0,0,nan,nan,nan,0,0
60400.0,323387.8,3103982.6,807.1964,nan,nan,nan,0,0,nan,nan,nan,0,0
60600.0,323297.8,3103819.6,800.3858,nan,nan,nan,0,0,nan,nan,nan,0,0
60800.0,323209.9428571428,3103655.742857143,794.614,nan,nan,nan,0,0,nan,nan,nan,0,0
61000.0,323081.3714285714,3103527.1714285715,790.777,nan,nan,nan,0,0,nan,nan,nan,0,0
61200.0,322939.8930232558,3103385.693023256,785.1699,nan,nan,nan,0,0,nan,nan,nan,0,0
61400.0,322780.8232558139,3103286.623255814,778.06824,nan,nan,nan,0,0,nan,nan,nan,0,0
61600.0,322651.7534883721,3103157.5534883724,775.7835,nan,nan,nan,0,0,nan,nan,nan,0,0
61800.0,322531.7534883721,3103007.5534883724,771.8254,nan,nan,nan,0,0,nan,nan,nan,0,0
62000.0,322482.91627906973,3102848.4837209303,769.0181,nan,nan,nan,0,0,nan,nan,nan,0,0
62200.0,322440.65714285715,3102680.742857143,768.7364,nan,nan,nan,0,0,nan,nan,nan,0,0
62400.0,322427.8,3102499.6,766.4092,nan,nan,nan,0,0,nan,nan,nan,0,0
62600.0,322421.52093023254,3102327.3209302328,764.8225,nan,nan,nan,0,0,nan,nan,nan,0,0
62800.0,322427.8,3102149.6,763.7871,nan,nan,nan,0,0,nan,nan,nan,0,0
63000.0,322427.8,3101949.6,761.98846,nan,nan,nan,0,0,nan,nan,nan,0,0
63200.0,322354.22857142857,3101780.0285714287,755.8789,nan,nan,nan,0,0,nan,nan,nan,0,0
63400.0,322234.22857142857,3101630.0285714287,740.9857,nan,nan,nan,0,0,nan,nan,nan,0,0
63600.0,322194.9428571428,3101470.742857143,736.11237,nan,nan,nan,0,0,nan,nan,nan,0,0
63800.0,322035.8,3101373.6,730.63354,nan,nan,nan,0,0,nan,nan,nan,0,0
64000.0,321850.8232558139,3101336.623255814,723.7804,nan,nan,nan,0,0,nan,nan,nan,0,0
64200.0,321700.65714285715,3101276.4571428574,720.7358,nan,nan,nan,0,0,nan,nan,nan,0,0
64400.0,321587.8,3101123.6,717.3909,nan,nan,nan,0,0,nan,nan,nan,0,0
64600.0,321570.65714285715,3100940.742857143,715.4005,nan,nan,nan,0,0,nan,nan,nan,0,0
64800.0,321711.9860465116,3100799.4139534887,710.8061,nan,nan,nan,0,0,nan,nan,nan,0,0
65000.0,321797.8,3100634.6,705.61835,nan,nan,nan,0,0,nan,nan,nan,0,0
65200.0,321797.8,3100459.6,700.55634,nan,nan,nan,0,0,nan,nan,nan,0,0
65400.0,321710.59069767443,3100296.3906976744,697.18506,nan,nan,nan,0,0,nan,nan,nan,0,0
65600.0,321587.8,3100146.6,689.5382,nan,nan,nan,0,0,nan,nan,nan,0,0
65800.0,321497.8,3099984.6,685.7632,nan,nan,nan,0,0,nan,nan,nan,0,0
66000.0,321437.8,3099808.6,680.5221,nan,nan,nan,0,0,nan,nan,nan,0,0
66200.0,321407.8,3099621.6,676.31995,nan,nan,nan,0,0,nan,nan,nan,0,0
66400.0,321407.8,3099421.6,671.2572,nan,nan,nan,0,0,nan,nan,nan,0,0
66600.0,321409.8930232558,3099245.693023256,667.2732,nan,nan,nan,0,0,nan,nan,nan,0,0
66800.0,321467.8,3099071.6,664.17847,nan,nan,nan,0,0,nan,nan,nan,0,0
67000.0,321437.8,3098883.6,660.3081,nan,nan,nan,0,0,nan,nan,nan,0,0
67200.0,321434.311627907,3098707.088372093,657.55084,nan,nan,nan,0,0,nan,nan,nan,0,0
67400.0,321490.8232558139,3098530.576744186,653.5672,nan,nan,nan,0,0,nan,nan,nan,0,0
67600.0,321568.96279069764,3098362.4372093026,649.4376,nan,nan,nan,0,0,nan,nan,nan,0,0
67800.0,321617.8,3098182.6,645.7835,nan,nan,nan,0,0,nan,nan,nan,0,0
68000.0,321511.3714285714,3098027.1714285715,641.1368,nan,nan,nan,0,0,nan,nan,nan,0,0
68200.0,321369.9428571428,3097885.742857143,637.6107,nan,nan,nan,0,0,nan,nan,nan,0,0
68400.0,321257.8,3097731.6,633.7682,nan,nan,nan,0,0,nan,nan,nan,0,0
68600.0,321287.8,3097569.6,630.0435,nan,nan,nan,0,0,nan,nan,nan,0,0
68800.0,321274.22857142857,3097400.0285714287,627.51385,nan,nan,nan,0,0,nan,nan,nan,0,0
69000.0,321117.8,3097293.6,624.66345,nan,nan,nan,0,0,nan,nan,nan,0,0
69200.0,321047.8,3097128.6,621.60974,nan,nan,nan,0,0,nan,nan,nan,0,0
69400.0,321054.9428571428,3096956.4571428574,619.66956,nan,nan,nan,0,0,nan,nan,nan,0,0
69600.0,321061.7534883721,3096797.5534883724,617.191,nan,nan,nan,0,0,nan,nan,nan,0,0
69800.0,321026.3714285714,3096612.1714285715,614.6931,nan,nan,nan,0,0,nan,nan,nan,0,0
70000.0,321077.8,3096440.6,612.69165,nan,nan,nan,0,0,nan,nan,nan,0,0
70200.0,321137.8,3096265.6,610.49646,nan,nan,nan,0,0,nan,nan,nan,0,0
70400.0,321167.8,3096077.6,608.13947,nan,nan,nan,0,0,nan,nan,nan,0,0
70600.0,321197.8,3095890.6,606.86346,nan,nan,nan,0,0,nan,nan,nan,0,0
70800.0,321257.8,3095715.6,604.2189,nan,nan,nan,0,0,nan,nan,nan,0,0
71000.0,321348.51428571425,3095552.885714286,602.5421,nan,nan,nan,0,0,nan,nan,nan,0,0
71200.0,321407.8,3095377.6,599.4656,nan,nan,nan,0,0,nan,nan,nan,0,0
71400.0,321278.8,3095253.6,596.54614,nan,nan,nan,0,0,nan,nan,nan,0,0
71600.0,321103.8,3095193.6,594.3584,nan,nan,nan,0,0,nan,nan,nan,0,0
71800.0,320928.4976744186,3095134.297674419,592.20325,nan,nan,nan,0,0,nan,nan,nan,0,0
72000.0,320799.22857142857,3095005.0285714287,590.06287,nan,nan,nan,0,0,nan,nan,nan,0,0
72200.0,320721.3714285714,3094837.1714285715,587.2581,nan,nan,nan,0,0,nan,nan,nan,0,0
72400.0,320622.8,3094678.6,583.42316,nan,nan,nan,0,0,nan,nan,nan,0,0
72600.0,320457.8,3094593.6,581.4999,nan,nan,nan,0,0,nan,nan,nan,0,0
72800.0,320282.8,3094533.6,580.4875,nan,nan,nan,0,0,nan,nan,nan,0,0
73000.0,320127.8,3094483.6,578.9178,nan,nan,nan,0,0,nan,nan,nan,0,0
73200.0,319977.8,3094363.6,576.19977,nan,nan,nan,0,0,nan,nan,nan,0,0
73400.0,319857.56744186045,3094213.3674418605,572.5878,nan,nan,nan,0,0,nan,nan,nan,0,0
73600.0,319801.05581395346,3094036.8558139536,571.96796,nan,nan,nan,0,0,nan,nan,nan,0,0
73800.0,319722.91627906973,3093868.71627907,570.88074,nan,nan,nan,0,0,nan,nan,nan,0,0
74000.0,319594.22857142857,3093740.0285714287,568.4951,nan,nan,nan,0,0,nan,nan,nan,0,0
74200.0,319425.8,3093663.6,566.09534,nan,nan,nan,0,0,nan,nan,nan,0,0
74400.0,319258.51428571425,3093584.314285714,563.11127,nan,nan,nan,0,0,nan,nan,nan,0,0
74600.0,319215.7069767442,3093425.693023256,561.98865,nan,nan,nan,0,0,nan,nan,nan,0,0
74800.0,319217.8,3093226.6,559.56824,nan,nan,nan,0,0,nan,nan,nan,0,0
75000.0,319217.8,3093026.6,559.10767,nan,nan,nan,0,0,nan,nan,nan,0,0
75200.0,319277.8,3092850.6,555.88416,nan,nan,nan,0,0,nan,nan,nan,0,0
75400.0,319219.22857142857,3092675.0285714287,554.7841,nan,nan,nan,0,0,nan,nan,nan,0,0
75600.0,319120.65714285715,3092516.4571428574,553.08417,nan,nan,nan,0,0,nan,nan,nan,0,0
75800.0,319021.3714285714,3092357.1714285715,552.14813,nan,nan,nan,0,0,nan,nan,nan,0,0
76000.0,318947.8,3092187.6,550.8537,nan,nan,nan,0,0,nan,nan,nan,0,0
76200.0,318865.65714285715,3092021.4571428574,548.7583,nan,nan,nan,0,0,nan,nan,nan,0,0
76400.0,318805.65714285715,3091871.4571428574,548.23083,nan,nan,nan,0,0,nan,nan,nan,0,0
76600.0,318706.4046511628,3091712.204651163,545.41534,nan,nan,nan,0,0,nan,nan,nan,0,0
76800.0,318617.8,3091549.6,544.71875,nan,nan,nan,0,0,nan,nan,nan,0,0
77000.0,318529.9428571428,3091385.742857143,541.7928,nan,nan,nan,0,0,nan,nan,nan,0,0
77200.0,318494.311627907,3091200.111627907,540.9545,nan,nan,nan,0,0,nan,nan,nan,0,0
77400.0,318374.311627907,3091050.111627907,538.7067,nan,nan,nan,0,0,nan,nan,nan,0,0
77600.0,318224.22857142857,3091117.1714285715,535.2103,nan,nan,nan,0,0,nan,nan,nan,0,0
77800.0,318071.8,3091233.6,533.38794,nan,nan,nan,0,0,nan,nan,nan,0,0
78000.0,317966.17209302326,3091091.9720930234,530.29474,nan,nan,nan,0,0,nan,nan,nan,0,0
78200.0,317952.0857142857,3090897.885714286,529.42065,nan,nan,nan,0,0,nan,nan,nan,0,0
78400.0,317867.8,3090732.6,525.8419,nan,nan,nan,0,0,nan,nan,nan,0,0
78600.0,317957.8,3090569.6,524.25024,nan,nan,nan,0,0,nan,nan,nan,0,0
78800.0,318017.8,3090394.6,522.9576,nan,nan,nan,0,0,nan,nan,nan,0,0
79000.0,318077.8,3090219.6,521.5896,nan,nan,nan,0,0,nan,nan,nan,0,0
79200.0,318047.8,3090031.6,521.01746,nan,nan,nan,0,0,nan,nan,nan,0,0
79400.0,317908.96279069764,3089924.7627906976,520.5306,nan,nan,nan,0,0,nan,nan,nan,0,0
79600.0,317741.3714285714,3089847.1714285715,516.8671,nan,nan,nan,0,0,nan,nan,nan,0,0
79800.0,317555.65714285715,3089811.4571428574,516.2309,nan,nan,nan,0,0,nan,nan,nan,0,0
80000.0,317370.3581395349,3089776.1581395348,514.137,nan,nan,nan,0,0,nan,nan,nan,0,0
80200.0,317211.3714285714,3089677.1714285715,513.98706,nan,nan,nan,0,0,nan,nan,nan,0,0
80400.0,317091.288372093,3089527.088372093,513.17065,nan,nan,nan,0,0,nan,nan,nan,0,0
80600.0,316941.288372093,3089407.088372093,511.26978,nan,nan,nan,0,0,nan,nan,nan,0,0
80800.0,316754.8,3089373.6,510.64142,nan,nan,nan,0,0,nan,nan,nan,0,0
81000.0,316579.1953488372,3089314.995348837,508.68826,nan,nan,nan,0,0,nan,nan,nan,0,0
81200.0,316411.3714285714,3089237.1714285715,506.88513,nan,nan,nan,0,0,nan,nan,nan,0,0
81400.0,316440.65714285715,3089060.742857143,507.7672,nan,nan,nan,0,0,nan,nan,nan,0,0
81600.0,316577.8,3088917.6,503.95746,nan,nan,nan,0,0,nan,nan,nan,0,0
81800.0,316702.68372093025,3088768.71627907,503.2987,nan,nan,nan,0,0,nan,nan,nan,0,0
82000.0,316801.3714285714,3088610.0285714287,501.42102,nan,nan,nan,0,0,nan,nan,nan,0,0
82200.0,316847.8,3088429.6,501.93948,nan,nan,nan,0,0,nan,nan,nan,0,0
82400.0,316877.8,3088241.6,500.81683,nan,nan,nan,0,0,nan,nan,nan,0,0
82600.0,316967.8,3088078.6,498.52164,nan,nan,nan,0,0,nan,nan,nan,0,0
82800.0,317027.8,3087903.6,498.055,nan,nan,nan,0,0,nan,nan,nan,0,0
83000.0,316988.73023255815,3087744.530232558,496.3536,nan,nan,nan,0,0,nan,nan,nan,0,0
83200.0,316822.8,3087663.6,495.2566,nan,nan,nan,0,0,nan,nan,nan,0,0
83400.0,316662.0857142857,3087567.885714286,493.96896,nan,nan,nan,0,0,nan,nan,nan,0,0
83600.0,316607.8,3087390.6,492.07208,nan,nan,nan,0,0,nan,nan,nan,0,0
83800.0,316549.1953488372,3087214.995348837,490.60257,nan,nan,nan,0,0,nan,nan,nan,0,0
84000.0,316517.8,3087027.6,489.16907,nan,nan,nan,0,0,nan,nan,nan,0,0
84200.0,316547.8,3086839.6,488.65298,nan,nan,nan,0,0,nan,nan,nan,0,0
84400.0,316577.8,3086652.6,485.66504,nan,nan,nan,0,0,nan,nan,nan,0,0
84600.0,316628.03255813953,3086473.3674418605,483.99182,nan,nan,nan,0,0,nan,nan,nan,0,0
84800.0,316591.05581395346,3086296.8558139536,483.63126,nan,nan,nan,0,0,nan,nan,nan,0,0
85000.0,316440.65714285715,3086176.4571428574,481.69284,nan,nan,nan,0,0,nan,nan,nan,0,0
85200.0,316290.65714285715,3086056.4571428574,479.663,nan,nan,nan,0,0,nan,nan,nan,0,0
85400.0,316132.8,3085953.6,481.0319,nan,nan,nan,0,0,nan,nan,nan,0,0
85600.0,315981.3714285714,3085837.1714285715,479.3852,nan,nan,nan,0,0,nan,nan,nan,0,0
85800.0,315831.288372093,3085717.088372093,476.5521,nan,nan,nan,0,0,nan,nan,nan,0,0
86000.0,315680.65714285715,3085596.4571428574,476.1476,nan,nan,nan,0,0,nan,nan,nan,0,0
86200.0,315560.65714285715,3085446.4571428574,474.5058,nan,nan,nan,0,0,nan,nan,nan,0,0
86400.0,315527.8,3085260.6,475.28177,nan,nan,nan,0,0,nan,nan,nan,0,0
86600.0,315497.8,3085072.6,474.46973,nan,nan,nan,0,0,nan,nan,nan,0,0
86800.0,315497.8,3084897.6,471.80765,nan,nan,nan,0,0,nan,nan,nan,0,0
87000.0,315436.8,3084723.6,471.83176,nan,nan,nan,0,0,nan,nan,nan,0,0
87200.0,315261.8,3084663.6,471.16614,nan,nan,nan,0,0,nan,nan,nan,0,0
87400.0,315085.8,3084603.6,470.71027,nan,nan,nan,0,0,nan,nan,nan,0,0
87600.0,314933.51428571425,3084489.314285714,468.47446,nan,nan,nan,0,0,nan,nan,nan,0,0
87800.0,314774.311627907,3084390.111627907,470.05048,nan,nan,nan,0,0,nan,nan,nan,0,0
88000.0,314606.8697674418,3084312.669767442,466.2184,nan,nan,nan,0,0,nan,nan,nan,0,0
88200.0,314456.3714285714,3084192.1714285715,465.06253,nan,nan,nan,0,0,nan,nan,nan,0,0
88400.0,314314.9428571428,3084050.742857143,464.52243,nan,nan,nan,0,0,nan,nan,nan,0,0
88600.0,314194.9428571428,3083900.742857143,460.40106,nan,nan,nan,0,0,nan,nan,nan,0,0
88800.0,314147.8,3083744.6,461.67178,nan,nan,nan,0,0,nan,nan,nan,0,0
89000.0,314057.0857142857,3083582.885714286,461.97598,nan,nan,nan,0,0,nan,nan,nan,0,0
89200.0,313979.22857142857,3083415.0285714287,459.69186,nan,nan,nan,0,0,nan,nan,nan,0,0
89400.0,313828.96279069764,3083294.7627906976,460.78918,nan,nan,nan,0,0,nan,nan,nan,0,18
89600.0,313687.3348837209,3083153.134883721,458.0,nan,nan,nan,0,12,478.73932,20.739319,120.0,0,6
89800.0,313588.51428571425,3082994.314285714,456.96112,nan,nan,nan,0,19,nan,nan,nan,0,5
90000.0,313420.65714285715,3082990.742857143,458.7182,nan,nan,nan,0,24,nan,nan,nan,0,0
90200.0,313242.8,3082983.6,456.54562,nan,nan,nan,0,4,nan,nan,nan,0,0
90400.0,313042.8,3082983.6,453.73706,nan,nan,nan,0,0,nan,nan,nan,0,0
90600.0,312855.7069767442,3083015.693023256,455.24887,nan,nan,nan,0,0,nan,nan,nan,0,0
90800.0,312692.8,3083103.6,454.21716,nan,nan,nan,0,0,nan,nan,nan,0,0
91000.0,312516.8,3083163.6,453.20795,nan,nan,nan,0,0,nan,nan,nan,0,0
91200.0,312334.9428571428,3083206.4571428574,450.01395,nan,nan,nan,0,0,nan,nan,nan,0,0
91400.0,312141.8,3083223.6,452.3798,nan,nan,nan,0,0,nan,nan,nan,0,0
91600.0,311955.65714285715,3083191.4571428574,452.9366,nan,nan,nan,0,0,nan,nan,nan,0,0
91800.0,311814.07906976744,3083049.8790697674,449.0,nan,nan,nan,0,0,nan,nan,nan,0,0
92000.0,311757.56744186045,3082873.3674418605,451.986,nan,nan,nan,0,0,nan,nan,nan,0,0
92200.0,311616.8,3082773.6,450.18863,nan,nan,nan,0,0,nan,nan,nan,0,0
92400.0,311440.8,3082773.6,450.13333,nan,nan,nan,0,0,nan,nan,nan,0,0
92600.0,311240.8,3082773.6,448.88867,nan,nan,nan,0,0,nan,nan,nan,0,0
92800.0,311072.4511627907,3082758.2511627907,447.91257,nan,nan,nan,0,0,nan,nan,nan,0,0
93000.0,310904.9428571428,3082740.742857143,447.49612,nan,nan,nan,0,0,nan,nan,nan,0,0
93200.0,310763.3813953488,3082659.181395349,444.6267,nan,nan,nan,0,0,nan,nan,nan,0,0
93400.0,310612.8,3082538.6,443.5,nan,nan,nan,0,0,nan,nan,nan,0,0
93600.0,310445.2418604651,3082461.0418604654,445.32983,nan,nan,nan,0,0,nan,nan,nan,0,0
93800.0,310252.8,3082443.6,444.31396,nan,nan,nan,0,0,nan,nan,nan,0,0
94000.0,310083.1488372093,3082518.2511627907,444.67865,nan,nan,nan,0,0,nan,nan,nan,0,0
94200.0,309915.65714285715,3082595.742857143,440.52164,nan,nan,nan,0,0,nan,nan,nan,0,0
94400.0,309765.00930232555,3082716.3906976744,442.77496,nan,nan,nan,0,0,nan,nan,nan,0,0
94600.0,309606.3714285714,3082815.0285714287,439.26987,nan,nan,nan,0,0,nan,nan,nan,0,0
94800.0,309438.8,3082893.6,441.09497,nan,nan,nan,0,0,nan,nan,nan,0,0
95000.0,309270.65714285715,3082970.742857143,440.48694,nan,nan,nan,0,0,nan,nan,nan,0,0
95200.0,309167.8,3083127.6,437.2165,nan,nan,nan,0,0,nan,nan,nan,0,0
95400.0,309022.8,3083193.6,438.85654,nan,nan,nan,0,0,nan,nan,nan,0,0
95600.0,308853.8465116279,3083119.646511628,435.497,nan,nan,nan,0,0,nan,nan,nan,0,0
95800.0,308717.8,3082975.6,434.6396,nan,nan,nan,0,0,nan,nan,nan,0,0
96000.0,308694.77674418606,3082810.576744186,436.99982,nan,nan,nan,0,0,nan,nan,nan,0,0
96200.0,308574.22857142857,3082660.0285714287,433.59393,nan,nan,nan,0,0,nan,nan,nan,0,0
96400.0,308424.22857142857,3082540.0285714287,435.06873,nan,nan,nan,0,0,nan,nan,nan,0,0
96600.0,308238.8,3082503.6,433.71585,nan,nan,nan,0,0,nan,nan,nan,0,0
96800.0,308063.8,3082443.6,431.7485,nan,nan,nan,0,0,nan,nan,nan,0,0
97000.0,307863.8,3082443.6,431.6219,nan,nan,nan,0,0,nan,nan,nan,0,0
97200.0,307713.8,3082563.6,432.5572,nan,nan,nan,0,0,nan,nan,nan,0,0
97400.0,307549.9428571428,3082651.4571428574,431.55908,nan,nan,nan,0,0,nan,nan,nan,0,0
97600.0,307408.51428571425,3082792.885714286,429.40213,nan,nan,nan,0,0,nan,nan,nan,0,0
97800.0,307237.8,3082863.6,427.65564,nan,nan,nan,0,0,nan,nan,nan,0,0
98000.0,307090.65714285715,3082736.4571428574,427.511,nan,nan,nan,0,0,nan,nan,nan,0,0
98200.0,306970.65714285715,3082586.4571428574,429.74707,nan,nan,nan,0,0,nan,nan,nan,0,0
98400.0,306829.1953488372,3082562.204651163,427.9192,nan,nan,nan,0,0,nan,nan,nan,0,0
98600.0,306666.8,3082593.6,427.16922,nan,nan,nan,0,0,nan,nan,nan,0,0
98800.0,306466.8,3082593.6,425.67188,nan,nan,nan,0,0,nan,nan,nan,0,0
99000.0,306281.52093023254,3082569.8790697674,424.12067,nan,nan,nan,0,0,nan,nan,nan,0,0
99200.0,306140.59069767443,3082530.809302326,423.5083,nan,nan,nan,0,0,nan,nan,nan,0,0
99400.0,306019.9428571428,3082385.742857143,421.37976,nan,nan,nan,0,0,nan,nan,nan,0,0
99600.0,305963.51428571425,3082209.314285714,424.49475,nan,nan,nan,0,0,nan,nan,nan,0,0
99800.0,305927.8,3082024.6,423.3318,nan,nan,nan,0,0,nan,nan,nan,0,0
100000.0,305799.22857142857,3081895.0285714287,423.7613,nan,nan,nan,0,0,nan,nan,nan,0,0
100200.0,305640.3581395349,3081796.1581395348,422.20993,nan,nan,nan,0,0,nan,nan,nan,0,0
100400.0,305481.288372093,3081697.088372093,421.53156,nan,nan,nan,0,0,nan,nan,nan,0,0
100600.0,305307.8,3081633.6,417.6697,nan,nan,nan,0,0,nan,nan,nan,0,0
100800.0,305163.1488372093,3081498.9488372095,417.00125,nan,nan,nan,0,0,nan,nan,nan,0,0
101000.0,305022.0857142857,3081357.885714286,419.64056,nan,nan,nan,0,0,nan,nan,nan,0,0
101200.0,304970.59069767443,3081180.809302326,415.01636,nan,nan,nan,0,0,nan,nan,nan,0,0
101400.0,305090.59069767443,3081030.809302326,414.35233,nan,nan,nan,0,0,nan,nan,nan,0,0
101600.0,305168.51428571425,3080862.885714286,413.48016,nan,nan,nan,0,0,nan,nan,nan,0,0
101800.0,305247.0857142857,3080712.885714286,412.62515,nan,nan,nan,0,0,nan,nan,nan,0,0
102000.0,305327.8,3080553.6,412.41788,nan,nan,nan,0,0,nan,nan,nan,0,0
102200.0,305297.8,3080366.6,412.86243,nan,nan,nan,0,0,nan,nan,nan,0,0
102400.0,305236.3714285714,3080192.1714285715,415.3288,nan,nan,nan,0,0,nan,nan,nan,0,0
102600.0,305094.77674418606,3080050.576744186,412.3692,nan,nan,nan,0,0,nan,nan,nan,0,0
102800.0,304974.22857142857,3079900.0285714287,411.14005,nan,nan,nan,0,0,nan,nan,nan,0,0
103000.0,304833.1488372093,3079758.9488372095,412.01932,nan,nan,nan,0,0,nan,nan,nan,0,0
103200.0,304755.00930232555,3079590.809302326,410.7758,nan,nan,nan,0,0,nan,nan,nan,0,0
103400.0,304700.59069767443,3079440.809302326,414.08963,nan,nan,nan,0,0,nan,nan,nan,0,0
103600.0,304727.8,3079252.6,410.0,nan,nan,nan,0,0,nan,nan,nan,0,0
103800.0,304697.8,3079064.6,410.0,nan,nan,nan,0,0,nan,nan,nan,0,0
104000.0,304666.4046511628,3078902.204651163,409.60718,nan,nan,nan,0,0,nan,nan,nan,0,0
104200.0,304630.65714285715,3078760.742857143,409.63043,nan,nan,nan,0,0,nan,nan,nan,0,0
104400.0,304547.8,3078601.6,412.80457,nan,nan,nan,0,0,nan,nan,nan,0,0
104600.0,304468.51428571425,3078434.314285714,411.72,nan,nan,nan,0,0,nan,nan,nan,0,0
104800.0,304369.22857142857,3078275.0285714287,411.24384,nan,nan,nan,0,0,nan,nan,nan,0,0
105000.0,304270.65714285715,3078116.4571428574,408.5,nan,nan,nan,0,0,nan,nan,nan,0,0
105200.0,304187.8,3077950.6,410.69736,nan,nan,nan,0,0,nan,nan,nan,0,0
105400.0,304239.4279069767,3077771.9720930234,409.57526,nan,nan,nan,0,0,nan,nan,nan,0,0
105600.0,304367.8,3077642.6,408.0,nan,nan,nan,0,0,nan,nan,nan,0,0
105800.0,304391.52093023254,3077457.3209302328,409.56125,nan,nan,nan,0,0,nan,nan,nan,0,0
106000.0,304224.07906976744,3077427.3209302328,407.5,nan,nan,nan,0,0,nan,nan,nan,0,0
106200.0,304064.9428571428,3077400.742857143,409.7199,nan,nan,nan,0,0,nan,nan,nan,0,0
106400.0,303914.9428571428,3077286.4571428574,407.03073,nan,nan,nan,0,0,nan,nan,nan,0,0
106600.0,303750.8,3077253.6,408.85303,nan,nan,nan,0,0,nan,nan,nan,0,0
106800.0,303596.8697674418,3077142.669767442,408.83978,nan,nan,nan,0,0,nan,nan,nan,0,0
107000.0,303446.3714285714,3077125.0285714287,408.1046,nan,nan,nan,0,0,nan,nan,nan,0,0
107200.0,303304.9428571428,3077000.742857143,404.62592,nan,nan,nan,0,0,nan,nan,nan,0,0
107400.0,303146.17209302326,3076901.9720930234,406.0808,nan,nan,nan,0,0,nan,nan,nan,0,0
107600.0,302960.65714285715,3076920.742857143,405.43365,nan,nan,nan,0,0,nan,nan,nan,0,0
107800.0,302786.8,3076983.6,403.3263,nan,nan,nan,0,0,nan,nan,nan,0,0
108000.0,302611.8,3077043.6,401.1304,nan,nan,nan,0,0,nan,nan,nan,0,0
108200.0,302439.9428571428,3077095.742857143,398.65735,nan,nan,nan,0,0,nan,nan,nan,0,0
108400.0,302280.65714285715,3077056.4571428574,398.9184,nan,nan,nan,0,0,nan,nan,nan,0,0
108600.0,302104.22857142857,3077027.1714285715,395.61597,nan,nan,nan,0,0,nan,nan,nan,0,0
108800.0,301962.8,3077168.6,397.5254,nan,nan,nan,0,0,nan,nan,nan,0,0
109000.0,301821.3714285714,3077310.0285714287,395.35614,nan,nan,nan,0,0,nan,nan,nan,0,0
109200.0,301636.3714285714,3077282.1714285715,394.42368,nan,nan,nan,0,0,nan,nan,nan,0,0
109400.0,301472.8,3077193.6,394.51178,nan,nan,nan,0,0,nan,nan,nan,0,0
109600.0,301322.8,3077073.6,397.2375,nan,nan,nan,0,0,nan,nan,nan,0,0
109800.0,301167.8,3076963.6,395.9883,nan,nan,nan,0,0,nan,nan,nan,0,0
110000.0,300984.8,3076923.6,395.38666,nan,nan,nan,0,0,nan,nan,nan,0,0
110200.0,300809.8,3076863.6,390.2681,nan,nan,nan,0,0,nan,nan,nan,0,0
110400.0,300609.8,3076863.6,392.8168,nan,nan,nan,0,0,nan,nan,nan,0,0
110600.0,300421.8,3076893.6,390.95627,nan,nan,nan,0,0,nan,nan,nan,0,0
110800.0,300258.51428571425,3076982.885714286,390.71875,nan,nan,nan,0,0,nan,nan,nan,0,0
111000.0,300232.0857142857,3077167.885714286,388.45297,nan,nan,nan,0,0,nan,nan,nan,0,0
111200.0,300160.8,3077313.6,388.45566,nan,nan,nan,0,0,nan,nan,nan,0,0
111400.0,300004.22857142857,3077417.1714285715,390.83728,nan,nan,nan,0,0,nan,nan,nan,0,0
111600.0,299950.65714285715,3077576.4571428574,389.79266,nan,nan,nan,0,0,nan,nan,nan,0,0
111800.0,299947.3348837209,3077744.0651162793,389.14017,nan,nan,nan,0,0,nan,nan,nan,0,0
112000.0,299957.8,3077898.6,387.69452,nan,nan,nan,0,0,nan,nan,nan,0,0
112200.0,299848.2651162791,3078014.0651162793,388.52417,nan,nan,nan,0,0,nan,nan,nan,0,0
112400.0,299689.1953488372,3077914.995348837,386.71655,nan,nan,nan,0,0,nan,nan,nan,0,0
112600.0,299567.8,3077984.6,388.20566,nan,nan,nan,0,0,nan,nan,nan,0,0
112800.0,299503.51428571425,3078157.885714286,387.51526,nan,nan,nan,0,0,nan,nan,nan,0,0
113000.0,299425.65714285715,3078325.742857143,386.2287,nan,nan,nan,0,0,nan,nan,nan,0,0
113200.0,299348.03255813953,3078493.3674418605,386.52072,nan,nan,nan,0,0,nan,nan,nan,0,0
113400.0,299193.8,3078603.6,384.81555,nan,nan,nan,0,0,nan,nan,nan,0,0
113600.0,299030.8,3078693.6,385.4879,nan,nan,nan,0,0,nan,nan,nan,0,0
113800.0,298855.8,3078693.6,385.0,nan,nan,nan,0,0,nan,nan,nan,0,0
114000.0,298712.0857142857,3078617.885714286,384.5,nan,nan,nan,0,0,nan,nan,nan,0,0
114200.0,298554.8,3078573.6,384.0,nan,nan,nan,0,0,nan,nan,nan,0,0
114400.0,298402.8,3078508.6,383.50244,nan,nan,nan,0,0,nan,nan,nan,0,0
114600.0,298208.73023255815,3078522.669767442,383.15625,nan,nan,nan,0,0,nan,nan,nan,0,0
114800.0,298041.8,3078603.6,383.0417,nan,nan,nan,0,0,nan,nan,nan,0,0
115000.0,297866.8,3078543.6,381.73413,nan,nan,nan,0,0,nan,nan,nan,0,0
115200.0,297722.8,3078408.6,381.53995,nan,nan,nan,0,0,nan,nan,nan,0,0
115400.0,297602.8,3078258.6,379.40363,nan,nan,nan,0,0,nan,nan,nan,0,0
115600.0,297503.51428571425,3078099.314285714,379.72363,nan,nan,nan,0,0,nan,nan,nan,0,0
115800.0,297383.51428571425,3077949.314285714,380.32074,nan,nan,nan,0,0,nan,nan,nan,0,0
116000.0,297344.311627907,3077790.111627907,377.3669,nan,nan,nan,0,0,nan,nan,nan,0,0
116200.0,297287.8,3077613.6,376.68628,nan,nan,nan,0,0,nan,nan,nan,0,0
116400.0,297188.73023255815,3077454.530232558,376.22363,nan,nan,nan,0,0,nan,nan,nan,0,0
116600.0,297068.73023255815,3077304.530232558,374.29514,nan,nan,nan,0,0,nan,nan,nan,0,0
116800.0,296892.0857142857,3077259.314285714,374.01306,nan,nan,nan,0,0,nan,nan,nan,0,0
117000.0,296714.8,3077313.6,373.99008,nan,nan,nan,0,0,nan,nan,nan,0,0
117200.0,296556.63720930234,3077212.4372093026,370.78384,nan,nan,nan,0,0,nan,nan,nan,0,0
117400.0,296406.3714285714,3077092.1714285715,373.70572,nan,nan,nan,0,0,nan,nan,nan,0,0
117600.0,296264.9428571428,3076950.742857143,374.9872,nan,nan,nan,0,0,nan,nan,nan,0,0
117800.0,296105.9395348837,3076851.7395348838,373.23145,nan,nan,nan,0,0,nan,nan,nan,0,0
118000.0,295955.65714285715,3076755.742857143,373.21698,nan,nan,nan,0,0,nan,nan,nan,0,0
118200.0,295805.65714285715,3076671.4571428574,372.5666,nan,nan,nan,0,0,nan,nan,nan,0,0
118400.0,295646.3714285714,3076572.1714285715,372.27335,nan,nan,nan,0,0,nan,nan,nan,0,0
118600.0,295478.73023255815,3076494.530232558,370.7138,nan,nan,nan,0,0,nan,nan,nan,0,0
118800.0,295302.21860465116,3076509.181395349,371.00143,nan,nan,nan,0,0,nan,nan,nan,0,0
119000.0,295152.0857142857,3076629.314285714,370.34033,nan,nan,nan,0,0,nan,nan,nan,0,0
119200.0,295002.0857142857,3076749.314285714,369.75327,nan,nan,nan,0,0,nan,nan,nan,0,0
119400.0,294848.8,3076863.6,367.70267,nan,nan,nan,0,0,nan,nan,nan,0,0
119600.0,294673.8,3076923.6,367.0946,nan,nan,nan,0,0,nan,nan,nan,0,0
119800.0,294545.9395348837,3077055.4604651164,368.7518,nan,nan,nan,0,0,nan,nan,nan,0,0
120000.0,294527.8,3077222.6,368.3454,nan,nan,nan,0,0,nan,nan,nan,0,0
120200.0,294425.8,3077373.6,367.52628,nan,nan,nan,0,0,nan,nan,nan,0,0
120400.0,294237.8,3077343.6,366.8871,nan,nan,nan,0,0,nan,nan,nan,0,0
120600.0,294050.8,3077313.6,367.0,nan,nan,nan,0,0,nan,nan,nan,0,0
120800.0,293873.3813953488,3077259.181395349,366.5,nan,nan,nan,0,0,nan,nan,nan,0,0
121000.0,293837.8,3077391.6,364.11203,nan,nan,nan,0,0,nan,nan,nan,0,0
121200.0,293832.21860465116,3077589.181395349,366.0,nan,nan,nan,0,0,nan,nan,nan,0,0
121400.0,293667.8,3077673.6,365.74603,nan,nan,nan,0,0,nan,nan,nan,0,0
121600.0,293497.0857142857,3077602.885714286,365.08017,nan,nan,nan,0,0,nan,nan,nan,0,0
121800.0,293337.8,3077563.6,365.0,nan,nan,nan,0,0,nan,nan,nan,0,0
122000.0,293166.8,3077493.6,364.50613,nan,nan,nan,0,0,nan,nan,nan,0,0
